member_no,year,month,date,day_of_week,workhour,,,,,,,,
1,2022,1,1,토,0,,,,,,,,
1,2022,1,2,일,0,2,,,,,,,
1,2022,1,3,월,11,5,,,,,,,
1,2022,1,4,화,9.5,17,,,,,,,
1,2022,1,5,수,10,18,,,,,,,
1,2022,1,6,목,12,8,,,,,,,
1,2022,1,7,금,9,23,,,,,,,
1,2022,1,8,토,0,21,,,,,,,
1,2022,1,9,일,0,22,,,,,,,
1,2022,1,10,월,8,24,,,,,,,
1,2022,1,11,화,10,0,,,,,,,
1,2022,1,12,수,10.5,16,,,,,,,
1,2022,1,13,목,11,0,,,,,,,
1,2022,1,14,금,12,15,,,,,,,
1,2022,1,15,토,0,11,,,,,,,
1,2022,1,16,일,0,13,,,,,,,
1,2022,1,17,월,11,8,,,,,,,
1,2022,1,18,화,12,12,,,,,,,
1,2022,1,19,수,13,19,,,,,,,
1,2022,1,20,목,10,24,,,,,,,
1,2022,1,21,금,10.5,0,,,,,,,
1,2022,1,22,토,0,19,,,,,,,
1,2022,1,23,일,0,19,,,,,,,
1,2022,1,24,월,11,1,,,,,,,
1,2022,1,25,화,14,11,,,,,,,
1,2022,1,26,수,15,10,,,,,,,
1,2022,1,27,목,12,21,,,,,,,
1,2022,1,28,금,12.5,23,,,,,,,
1,2022,1,29,토,0,13,,,,,,,
1,2022,1,30,일,0,4,,,,,,,
1,2022,1,31,월,0,18,,,,,,,
1,2022,2,1,화,0,20,,,,,,,
1,2022,2,2,수,0,6,,,,,,,
1,2022,2,3,목,13,9,,,,,,,
1,2022,2,4,금,14,23,,,,,,,
1,2022,2,5,토,0,4,,,,,,,
1,2022,2,6,일,0,13,,,,,,,
1,2022,2,7,월,10,0,,,,,,,
1,2022,2,8,화,9,10,,,,,,,
1,2022,2,9,수,9,2,,,,,,,
1,2022,2,10,목,9,23,,,,,,,
1,2022,2,11,금,9,6,,,,,,,
1,2022,2,12,토,0,8,,,,,,,
1,2022,2,13,일,0,12,,,,,,,
1,2022,2,14,월,7,3,,,,,,,
1,2022,2,15,화,5,4,,,,,,,
1,2022,2,16,수,19,11,,,,,,,
1,2022,2,17,목,10,2,,,,,,,
1,2022,2,18,금,12,2,,,,,,,
1,2022,2,19,토,0,18,,,,,,,
1,2022,2,20,일,0,14,,,,,,,
1,2022,2,21,월,10,1,,,,,,,
1,2022,2,22,화,9,9,,,,,,,
1,2022,2,23,수,9,4,,,,,,,
1,2022,2,24,목,11.5,11,,,,,,,
1,2022,2,25,금,12,4,,,,,,,
1,2022,2,26,토,0,3,,,,,,,
1,2022,2,27,일,0,5,,,,,,,
1,2022,2,28,월,8,5,,,,,,,
1,2022,3,1,화,0,8,,,,,,,
1,2022,3,2,수,8,3,,,,,,,
1,2022,3,3,목,10,2,,,,,,,
1,2022,3,4,금,9,1,,,,,,,
1,2022,3,5,토,0,8,,,,,,,
1,2022,3,6,일,0,23,,,,,,,
1,2022,3,7,월,9.5,13,,,,,,,
1,2022,3,8,화,12,5,,,,,,,
1,2022,3,9,수,0,22,,,,,,,
1,2022,3,10,목,15,12,,,,,,,
1,2022,3,11,금,9,17,,,,,,,
1,2022,3,12,토,0,22,,,,,,,
1,2022,3,13,일,0,2,,,,,,,
1,2022,3,14,월,13,24,,,,,,,
1,2022,3,15,화,12,10,,,,,,,
1,2022,3,16,수,12.5,17,,,,,,,
1,2022,3,17,목,12,9,,,,,,,
1,2022,3,18,금,10,18,,,,,,,
1,2022,3,19,토,0,19,,,,,,,
1,2022,3,20,일,0,7,,,,,,,
1,2022,3,21,월,11,23,,,,,,,
1,2022,3,22,화,12,17,,,,,,,
1,2022,3,23,수,12.5,15,,,,,,,
1,2022,3,24,목,13,8,,,,,,,
1,2022,3,25,금,13.5,15,,,,,,,
1,2022,3,26,토,0,23,,,,,,,
1,2022,3,27,일,0,23,,,,,,,
1,2022,3,28,월,11,7,,,,,,,
1,2022,3,29,화,12,6,,,,,,,
1,2022,3,30,수,12.5,12,,,,,,,
1,2022,3,31,목,13,11,,,,,,,
1,2022,4,1,금,13.5,23,,,,,,,
1,2022,4,2,토,0,7,,,,,,,
1,2022,4,3,일,0,17,,,,,,,
1,2022,4,4,월,12,15,,,,,,,
1,2022,4,5,화,13,4,,,,,,,
1,2022,4,6,수,14,14,,,,,,,
1,2022,4,7,목,8,22,,,,,,,
1,2022,4,8,금,9,10,,,,,,,
1,2022,4,9,토,0,9,,,,,,,
1,2022,4,10,일,0,20,,,,,,,
1,2022,4,11,월,10,6,,,,,,,
1,2022,4,12,화,11,15,,,,,,,
1,2022,4,13,수,12,20,,,,,,,
1,2022,4,14,목,13.5,2,,,,,,,
1,2022,4,15,금,12,1,,,,,,,
1,2022,4,16,토,0,12,,,,,,,
1,2022,4,17,일,0,23,,,,,,,
1,2022,4,18,월,13,13,,,,,,,
1,2022,4,19,화,12,9,,,,,,,
1,2022,4,20,수,16,21,,,,,,,
1,2022,4,21,목,12,23,,,,,,,
1,2022,4,22,금,12.5,12,,,,,,,
1,2022,4,23,토,0,14,,,,,,,
1,2022,4,24,일,0,15,,,,,,,
1,2022,4,25,월,12,23,,,,,,,
1,2022,4,26,화,13,18,,,,,,,
1,2022,4,27,수,12.5,13,,,,,,,
1,2022,4,28,목,11.5,4,,,,,,,
1,2022,4,29,금,13,11,,,,,,,
1,2022,4,30,토,0,2,,,,,,,
1,2022,5,1,일,0,8,,,,,,,
1,2022,5,2,월,12,22,,,,,,,
1,2022,5,3,화,13,6,,,,,,,
1,2022,5,4,수,12.5,11,,,,,,,
1,2022,5,5,목,0,2,,,,,,,
1,2022,5,6,금,14,6,,,,,,,
1,2022,5,7,토,0,18,,,,,,,
1,2022,5,8,일,0,2,,,,,,,
1,2022,5,9,월,13,15,,,,,,,
1,2022,5,10,화,12,14,,,,,,,
1,2022,5,11,수,11.5,2,,,,,,,
1,2022,5,12,목,12,14,,,,,,,
1,2022,5,13,금,13.5,4,,,,,,,
1,2022,5,14,토,0,11,,,,,,,
1,2022,5,15,일,0,18,,,,,,,
1,2022,5,16,월,12,20,,,,,,,
1,2022,5,17,화,11,7,,,,,,,
1,2022,5,18,수,11.5,3,,,,,,,
1,2022,5,19,목,10,20,,,,,,,
1,2022,5,20,금,9.5,0,,,,,,,
1,2022,5,21,토,0,19,,,,,,,
1,2022,5,22,일,0,2,,,,,,,
1,2022,5,23,월,12,5,,,,,,,
1,2022,5,24,화,11,1,,,,,,,
1,2022,5,25,수,11.5,10,,,,,,,
1,2022,5,26,목,12,11,,,,,,,
1,2022,5,27,금,10.5,21,,,,,,,
1,2022,5,28,토,0,6,,,,,,,
1,2022,5,29,일,0,7,,,,,,,
1,2022,5,30,월,11,10,,,,,,,
1,2022,5,31,화,12,15,,,,,,,
1,2022,6,1,수,0,5,,,,,,,
1,2022,6,2,목,11,5,,,,,,,
1,2022,6,3,금,11.5,14,,,,,,,
1,2022,6,4,토,0,5,,,,,,,
1,2022,6,5,일,0,0,,,,,,,
1,2022,6,6,월,0,6,,,,,,,
1,2022,6,7,화,11,11,,,,,,,
1,2022,6,8,수,12,11,,,,,,,
1,2022,6,9,목,13,4,,,,,,,
1,2022,6,10,금,14,10,,,,,,,
1,2022,6,11,토,0,19,,,,,,,
1,2022,6,12,일,0,9,,,,,,,
1,2022,6,13,월,11,6,,,,,,,
1,2022,6,14,화,11.5,15,,,,,,,
1,2022,6,15,수,11,19,,,,,,,
1,2022,6,16,목,10.5,7,,,,,,,
1,2022,6,17,금,10,1,,,,,,,
1,2022,6,18,토,0,9,,,,,,,
1,2022,6,19,일,0,9,,,,,,,
1,2022,6,20,월,11,21,,,,,,,
1,2022,6,21,화,20,7,,,,,,,
1,2022,6,22,수,10,24,,,,,,,
1,2022,6,23,목,9,15,,,,,,,
1,2022,6,24,금,0,5,,,,,,,
1,2022,6,25,토,0,21,,,,,,,
1,2022,6,26,일,0,22,,,,,,,
1,2022,6,27,월,11,14,,,,,,,
1,2022,6,28,화,12,5,,,,,,,
1,2022,6,29,수,13.5,10,,,,,,,
1,2022,6,30,목,13,18,,,,,,,
1,2022,7,1,금,15,12,,,,,,,
1,2022,7,2,토,0,14,,,,,,,
1,2022,7,3,일,0,10,,,,,,,
1,2022,7,4,월,12,11,,,,,,,
1,2022,7,5,화,11.5,22,,,,,,,
1,2022,7,6,수,10,10,,,,,,,
1,2022,7,7,목,11,24,,,,,,,
1,2022,7,8,금,12.5,19,,,,,,,
1,2022,7,9,토,0,3,,,,,,,
1,2022,7,10,일,0,3,,,,,,,
1,2022,7,11,월,12,18,,,,,,,
1,2022,7,12,화,12.5,19,,,,,,,
1,2022,7,13,수,13.5,8,,,,,,,
1,2022,7,14,목,12.5,24,,,,,,,
1,2022,7,15,금,11,5,,,,,,,
1,2022,7,16,토,0,2,,,,,,,
1,2022,7,17,일,0,6,,,,,,,
1,2022,7,18,월,10,4,,,,,,,
1,2022,7,19,화,10.5,24,,,,,,,
1,2022,7,20,수,12,11,,,,,,,
1,2022,7,21,목,20,5,,,,,,,
1,2022,7,22,금,9,4,,,,,,,
1,2022,7,23,토,0,19,,,,,,,
1,2022,7,24,일,0,18,,,,,,,
1,2022,7,25,월,12.5,17,,,,,,,
1,2022,7,26,화,11,9,,,,,,,
1,2022,7,27,수,13,13,,,,,,,
1,2022,7,28,목,12,18,,,,,,,
1,2022,7,29,금,12.5,20,,,,,,,
1,2022,7,30,토,0,5,,,,,,,
1,2022,7,31,일,0,15,,,,,,,
1,2022,8,1,월,10,0,,,,,,,
1,2022,8,2,화,11,18,,,,,,,
1,2022,8,3,수,13,4,,,,,,,
1,2022,8,4,목,14,10,,,,,,,
1,2022,8,5,금,15,23,,,,,,,
1,2022,8,6,토,0,15,,,,,,,
1,2022,8,7,일,0,23,,,,,,,
1,2022,8,8,월,22,2,,,,,,,
1,2022,8,9,화,21,19,,,,,,,
1,2022,8,10,수,9,19,,,,,,,
1,2022,8,11,목,9,11,,,,,,,
1,2022,8,12,금,9,17,,,,,,,
1,2022,8,13,토,0,15,,,,,,,
1,2022,8,14,일,0,23,,,,,,,
1,2022,8,15,월,0,24,,,,,,,
1,2022,8,16,화,13,1,,,,,,,
1,2022,8,17,수,13.5,1,,,,,,,
1,2022,8,18,목,14,12,,,,,,,
1,2022,8,19,금,12.5,5,,,,,,,
1,2022,8,20,토,0,11,,,,,,,
1,2022,8,21,일,0,8,,,,,,,
1,2022,8,22,월,12,14,,,,,,,
1,2022,8,23,화,12.5,18,,,,,,,
1,2022,8,24,수,13,17,,,,,,,
1,2022,8,25,목,14.5,0,,,,,,,
1,2022,8,26,금,10,5,,,,,,,
1,2022,8,27,토,0,6,,,,,,,
1,2022,8,28,일,0,13,,,,,,,
1,2022,8,29,월,12.5,18,,,,,,,
1,2022,8,30,화,13.5,13,,,,,,,
1,2022,8,31,수,12,8,,,,,,,
1,2022,9,1,목,14,7,,,,,,,
1,2022,9,2,금,14.5,11,,,,,,,
1,2022,9,3,토,0,9,,,,,,,
1,2022,9,4,일,0,3,,,,,,,
1,2022,9,5,월,14,9,,,,,,,
1,2022,9,6,화,13,4,,,,,,,
1,2022,9,7,수,13,15,,,,,,,
1,2022,9,8,목,12.5,0,,,,,,,
1,2022,9,9,금,0,10,,,,,,,
1,2022,9,10,토,0,14,,,,,,,
1,2022,9,11,일,0,24,,,,,,,
1,2022,9,12,월,0,13,,,,,,,
1,2022,9,13,화,13,22,,,,,,,
1,2022,9,14,수,13.5,0,,,,,,,
1,2022,9,15,목,14,12,,,,,,,
1,2022,9,16,금,14.5,17,,,,,,,
1,2022,9,17,토,0,0,,,,,,,
1,2022,9,18,일,0,2,,,,,,,
1,2022,9,19,월,12,8,,,,,,,
1,2022,9,20,화,12.5,22,,,,,,,
1,2022,9,21,수,20,9,,,,,,,
1,2022,9,22,목,9,17,,,,,,,
1,2022,9,23,금,12.5,24,,,,,,,
1,2022,9,24,토,0,4,,,,,,,
1,2022,9,25,일,0,4,,,,,,,
1,2022,9,26,월,12,3,,,,,,,
1,2022,9,27,화,14.5,9,,,,,,,
1,2022,9,28,수,13,6,,,,,,,
1,2022,9,29,목,12.5,24,,,,,,,
1,2022,9,30,금,9,16,,,,,,,
1,2022,10,1,토,0,19,,,,,,,
1,2022,10,2,일,0,2,,,,,,,
1,2022,10,3,월,0,6,,,,,,,
1,2022,10,4,화,11,19,,,,,,,
1,2022,10,5,수,12,6,,,,,,,
1,2022,10,6,목,19,22,,,,,,,
1,2022,10,7,금,0,17,,,,,,,
1,2022,10,8,토,0,6,,,,,,,
1,2022,10,9,일,0,10,,,,,,,
1,2022,10,10,월,0,5,,,,,,,
1,2022,10,11,화,12,20,,,,,,,
1,2022,10,12,수,0,0,,,,,,,
1,2022,10,13,목,0,3,,,,,,,
1,2022,10,14,금,0,24,,,,,,,
1,2022,10,15,토,0,23,,,,,,,
1,2022,10,16,일,0,1,,,,,,,
1,2022,10,17,월,12,1,,,,,,,
1,2022,10,18,화,12.5,4,,,,,,,
1,2022,10,19,수,14,7,,,,,,,
1,2022,10,20,목,15.5,2,,,,,,,
1,2022,10,21,금,5,24,,,,,,,
1,2022,10,22,토,0,9,,,,,,,
1,2022,10,23,일,0,13,,,,,,,
1,2022,10,24,월,12.5,24,,,,,,,
1,2022,10,25,화,13.5,5,,,,,,,
1,2022,10,26,수,16,0,,,,,,,
1,2022,10,27,목,9,14,,,,,,,
1,2022,10,28,금,9.5,6,,,,,,,
1,2022,10,29,토,0,16,,,,,,,
1,2022,10,30,일,0,15,,,,,,,
1,2022,10,31,월,13,21,,,,,,,
1,2022,11,1,화,14.5,10,,,,,,,
1,2022,11,2,수,15,9,,,,,,,
1,2022,11,3,목,12,8,,,,,,,
1,2022,11,4,금,8,19,,,,,,,
1,2022,11,5,토,0,19,,,,,,,
1,2022,11,6,일,0,0,,,,,,,
1,2022,11,7,월,13,16,,,,,,,
1,2022,11,8,화,12,10,,,,,,,
1,2022,11,9,수,12.5,18,,,,,,,
1,2022,11,10,목,14,17,,,,,,,
1,2022,11,11,금,14.5,12,,,,,,,
1,2022,11,12,토,0,11,,,,,,,
1,2022,11,13,일,0,22,,,,,,,
1,2022,11,14,월,12,16,,,,,,,
1,2022,11,15,화,13,19,,,,,,,
1,2022,11,16,수,14.5,9,,,,,,,
1,2022,11,17,목,14,12,,,,,,,
1,2022,11,18,금,15,22,,,,,,,
1,2022,11,19,토,0,24,,,,,,,
1,2022,11,20,일,0,15,,,,,,,
1,2022,11,21,월,12,6,,,,,,,
1,2022,11,22,화,12.5,23,,,,,,,
1,2022,11,23,수,13,17,,,,,,,
1,2022,11,24,목,13,6,,,,,,,
1,2022,11,25,금,9,15,,,,,,,
1,2022,11,26,토,0,22,,,,,,,
1,2022,11,27,일,0,13,,,,,,,
1,2022,11,28,월,9,2,,,,,,,
1,2022,11,29,화,9,14,,,,,,,
1,2022,11,30,수,9,14,,,,,,,
1,2022,12,1,목,9,5,,,,,,,
1,2022,12,2,금,9,21,,,,,,,
1,2022,12,3,토,0,11,,,,,,,
1,2022,12,4,일,0,21,,,,,,,
1,2022,12,5,월,9,11,,,,,,,
1,2022,12,6,화,9.5,23,,,,,,,
1,2022,12,7,수,12,21,,,,,,,
1,2022,12,8,목,13,23,,,,,,,
1,2022,12,9,금,12,0,,,,,,,
1,2022,12,10,토,0,20,,,,,,,
1,2022,12,11,일,0,1,,,,,,,
1,2022,12,12,월,13,17,,,,,,,
1,2022,12,13,화,13,21,,,,,,,
1,2022,12,14,수,13,12,,,,,,,
1,2022,12,15,목,13,10,,,,,,,
1,2022,12,16,금,13,4,,,,,,,
1,2022,12,17,토,0,9,,,,,,,
1,2022,12,18,일,0,6,,,,,,,
1,2022,12,19,월,13,4,,,,,,,
1,2022,12,20,화,14,8,,,,,,,
1,2022,12,21,수,12,0,,,,,,,
1,2022,12,22,목,11,11,,,,,,,
1,2022,12,23,금,15,3,,,,,,,
1,2022,12,24,토,0,20,,,,,,,
1,2022,12,25,일,0,17,,,,,,,
1,2022,12,26,월,20,18,,,,,,,
1,2022,12,27,화,18,21,,,,,,,
1,2022,12,28,수,12,14,,,,,,,
1,2022,12,29,목,13,21,,,,,,,
1,2022,12,30,금,9,20,,,,,,,
1,2022,12,31,토,0,15,,,,,,,
1,2021,1,1,금,0,1,,,,,,,
1,2021,1,2,토,0,9,,,,,,,
1,2021,1,3,일,0,11,,,,,,,
1,2021,1,4,월,9.5,6,,,,,,,
1,2021,1,5,화,10,22,,,,,,, 
1,2021,1,6,수,12,12,,,,,,,
1,2021,1,7,목,9,6,,,,,,,
1,2021,1,8,금,13,11,,,,,,,
1,2021,1,9,토,0,14,,,,,,,
1,2021,1,10,일,8,8,,,,,,,
1,2021,1,11,월,10,13,,,,,,,
1,2021,1,12,화,10.5,0,,,,,,,
1,2021,1,13,수,11,14,,,,,,,
1,2021,1,14,목,12,8,,,,,,,
1,2021,1,15,금,12,1,,,,,,,
1,2021,1,16,토,0,22,,,,,,,
1,2021,1,17,일,6,1,,,,,,,
1,2021,1,18,월,12,0,,,,,,,
1,2021,1,19,화,13,6,,,,,,,
1,2021,1,20,수,10,3,,,,,,,
1,2021,1,21,목,10.5,20,,,,,,,
1,2021,1,22,금,11,2,,,,,,,
1,2021,1,23,토,0,22,,,,,,,
1,2021,1,24,일,10,0,,,,,,,
1,2021,1,25,월,14,10,,,,,,,
1,2021,1,26,화,15,10,,,,,,,
1,2021,1,27,수,12,8,,,,,,,
1,2021,1,28,목,12.5,3,,,,,,,
1,2021,1,29,금,0,7,,,,,,,
1,2021,1,30,토,0,19,,,,,,,
1,2021,1,31,일,0,24,,,,,,,
1,2021,2,1,월,0,3,,,,,,,
1,2021,2,2,화,0,4,,,,,,,
1,2021,2,3,수,13,19,,,,,,,
1,2021,2,4,목,14,19,,,,,,,
1,2021,2,5,금,0,7,,,,,,,
1,2021,2,6,토,0,16,,,,,,,
1,2021,2,7,일,10,4,,,,,,,
1,2021,2,8,월,9,9,,,,,,,
1,2021,2,9,화,9,6,,,,,,,
1,2021,2,10,수,9,9,,,,,,,
1,2021,2,11,목,9,14,,,,,,,
1,2021,2,12,금,0,4,,,,,,,
1,2021,2,13,토,0,15,,,,,,,
1,2021,2,14,일,7,4,,,,,,,
1,2021,2,15,월,5,19,,,,,,,
1,2021,2,16,화,19,8,,,,,,,
1,2021,2,17,수,10,15,,,,,,,
1,2021,2,18,목,12,6,,,,,,,
1,2021,2,19,금,0,22,,,,,,,
1,2021,2,20,토,0,13,,,,,,,
1,2021,2,21,일,10,11,,,,,,,
1,2021,2,22,월,9,11,,,,,,,
1,2021,2,23,화,9,11,,,,,,,
1,2021,2,24,수,11.5,7,,,,,,,
1,2021,2,25,목,12,20,,,,,,,
1,2021,2,26,금,0,20,,,,,,,
1,2021,2,27,토,0,2,,,,,,,
1,2021,2,28,일,8,12,,,,,,,
1,2021,3,1,월,0,20,,,,,,,
1,2021,3,2,화,8,7,,,,,,,
1,2021,3,3,수,10,18,,,,,,,
1,2021,3,4,목,9,23,,,,,,,
1,2021,3,5,금,0,4,,,,,,,
1,2021,3,6,토,0,7,,,,,,,
1,2021,3,7,일,9.5,15,,,,,,,
1,2021,3,8,월,12,7,,,,,,,
1,2021,3,9,화,0,7,,,,,,,
1,2021,3,10,수,15,21,,,,,,,
1,2021,3,11,목,9,10,,,,,,,
1,2021,3,12,금,0,17,,,,,,,
1,2021,3,13,토,0,5,,,,,,,
1,2021,3,14,일,13,14,,,,,,,
1,2021,3,15,월,12,2,,,,,,,
1,2021,3,16,화,12.5,1,,,,,,,
1,2021,3,17,수,12,5,,,,,,,
1,2021,3,18,목,10,17,,,,,,,
1,2021,3,19,금,0,1,,,,,,,
1,2021,3,20,토,0,10,,,,,,,
1,2021,3,21,일,11,17,,,,,,,
1,2021,3,22,월,12,12,,,,,,,
1,2021,3,23,화,12.5,19,,,,,,,
1,2021,3,24,수,13,20,,,,,,,
1,2021,3,25,목,13.5,15,,,,,,,
1,2021,3,26,금,0,21,,,,,,,
1,2021,3,27,토,0,12,,,,,,,
1,2021,3,28,일,11,0,,,,,,,
1,2021,3,29,월,12,19,,,,,,,
1,2021,3,30,화,12.5,3,,,,,,,
1,2021,3,31,수,13,13,,,,,,,
1,2021,4,1,목,13.5,22,,,,,,,
1,2021,4,2,금,0,8,,,,,,,
1,2021,4,3,토,0,2,,,,,,,
1,2021,4,4,일,12,20,,,,,,,
1,2021,4,5,월,13,2,,,,,,,
1,2021,4,6,화,14,18,,,,,,,
1,2021,4,7,수,8,21,,,,,,,
1,2021,4,8,목,9,8,,,,,,,
1,2021,4,9,금,0,9,,,,,,,
1,2021,4,10,토,0,2,,,,,,,
1,2021,4,11,일,10,23,,,,,,,
1,2021,4,12,월,11,14,,,,,,,
1,2021,4,13,화,12,17,,,,,,,
1,2021,4,14,수,13.5,16,,,,,,,
1,2021,4,15,목,12,6,,,,,,,
1,2021,4,16,금,0,24,,,,,,,
1,2021,4,17,토,0,5,,,,,,,
1,2021,4,18,일,13,18,,,,,,,
1,2021,4,19,월,12,2,,,,,,,
1,2021,4,20,화,16,5,,,,,,,
1,2021,4,21,수,12,9,,,,,,,
1,2021,4,22,목,12.5,3,,,,,,,
1,2021,4,23,금,0,2,,,,,,,
1,2021,4,24,토,0,8,,,,,,,
1,2021,4,25,일,12,5,,,,,,,
1,2021,4,26,월,13,18,,,,,,,
1,2021,4,27,화,12.5,18,,,,,,,
1,2021,4,28,수,11.5,4,,,,,,,
1,2021,4,29,목,13,24,,,,,,,
1,2021,4,30,금,0,18,,,,,,,
1,2021,5,1,토,0,6,,,,,,,
1,2021,5,2,일,12,5,,,,,,,
1,2021,5,3,월,13,23,,,,,,,
1,2021,5,4,화,12.5,13,,,,,,,
1,2021,5,5,수,0,14,,,,,,,
1,2021,5,6,목,14,3,,,,,,,
1,2021,5,7,금,0,12,,,,,,,
1,2021,5,8,토,0,16,,,,,,,
1,2021,5,9,일,13,7,,,,,,,
1,2021,5,10,월,12,5,,,,,,,
1,2021,5,11,화,11.5,23,,,,,,,
1,2021,5,12,수,12,10,,,,,,,
1,2021,5,13,목,13.5,1,,,,,,,
1,2021,5,14,금,0,10,,,,,,,
1,2021,5,15,토,0,22,,,,,,,
1,2021,5,16,일,12,2,,,,,,,
1,2021,5,17,월,11,10,,,,,,,
1,2021,5,18,화,11.5,22,,,,,,,
1,2021,5,19,수,10,9,,,,,,,
1,2021,5,20,목,9.5,3,,,,,,,
1,2021,5,21,금,0,7,,,,,,,
1,2021,5,22,토,0,11,,,,,,,
1,2021,5,23,일,12,9,,,,,,,
1,2021,5,24,월,11,8,,,,,,,
1,2021,5,25,화,11.5,10,,,,,,,
1,2021,5,26,수,12,12,,,,,,,
1,2021,5,27,목,10.5,21,,,,,,,
1,2021,5,28,금,0,0,,,,,,,
1,2021,5,29,토,0,17,,,,,,,
1,2021,5,30,일,11,19,,,,,,,
1,2021,5,31,월,12,17,,,,,,,
1,2021,6,1,화,0,16,,,,,,,
1,2021,6,2,수,11,18,,,,,,,
1,2021,6,3,목,11.5,17,,,,,,,
1,2021,6,4,금,0,13,,,,,,,
1,2021,6,5,토,0,0,,,,,,,
1,2021,6,6,일,0,9,,,,,,,
1,2021,6,7,월,11,19,,,,,,,
1,2021,6,8,화,12,12,,,,,,,
1,2021,6,9,수,13,2,,,,,,,
1,2021,6,10,목,14,10,,,,,,,
1,2021,6,11,금,0,21,,,,,,,
1,2021,6,12,토,0,6,,,,,,,
1,2021,6,13,일,11,7,,,,,,,
1,2021,6,14,월,11.5,2,,,,,,,
1,2021,6,15,화,11,24,,,,,,,
1,2021,6,16,수,10.5,10,,,,,,,
1,2021,6,17,목,10,13,,,,,,,
1,2021,6,18,금,0,0,,,,,,,
1,2021,6,19,토,0,12,,,,,,,
1,2021,6,20,일,11,15,,,,,,,
1,2021,6,21,월,20,7,,,,,,,
1,2021,6,22,화,10,1,,,,,,,
1,2021,6,23,수,9,13,,,,,,,
1,2021,6,24,목,0,13,,,,,,,
1,2021,6,25,금,0,3,,,,,,,
1,2021,6,26,토,0,18,,,,,,,
1,2021,6,27,일,11,11,,,,,,,
1,2021,6,28,월,12,8,,,,,,,
1,2021,6,29,화,13.5,17,,,,,,,
1,2021,6,30,수,13,24,,,,,,,
1,2021,7,1,목,15,23,,,,,,,
1,2021,7,2,금,0,0,,,,,,,
1,2021,7,3,토,0,18,,,,,,,
1,2021,7,4,일,12,17,,,,,,,
1,2021,7,5,월,11.5,17,,,,,,,
1,2021,7,6,화,10,21,,,,,,,
1,2021,7,7,수,11,11,,,,,,,
1,2021,7,8,목,12.5,2,,,,,,,
1,2021,7,9,금,0,14,,,,,,,
1,2021,7,10,토,0,6,,,,,,,
1,2021,7,11,일,12,5,,,,,,,
1,2021,7,12,월,12.5,16,,,,,,,
1,2021,7,13,화,13.5,8,,,,,,,
1,2021,7,14,수,12.5,5,,,,,,,
1,2021,7,15,목,11,1,,,,,,,
1,2021,7,16,금,0,7,,,,,,,
1,2021,7,17,토,0,0,,,,,,,
1,2021,7,18,일,10,19,,,,,,,
1,2021,7,19,월,10.5,17,,,,,,,
1,2021,7,20,화,12,15,,,,,,,
1,2021,7,21,수,20,24,,,,,,,
1,2021,7,22,목,9,20,,,,,,,
1,2021,7,23,금,0,22,,,,,,,
1,2021,7,24,토,0,19,,,,,,,
1,2021,7,25,일,12.5,12,,,,,,,
1,2021,7,26,월,11,11,,,,,,,
1,2021,7,27,화,13,22,,,,,,,
1,2021,7,28,수,12,12,,,,,,,
1,2021,7,29,목,12.5,8,,,,,,,
1,2021,7,30,금,0,16,,,,,,,
1,2021,7,31,토,0,18,,,,,,,
1,2021,8,1,일,10,4,,,,,,,
1,2021,8,2,월,11,20,,,,,,,
1,2021,8,3,화,13,19,,,,,,,
1,2021,8,4,수,14,4,,,,,,,
1,2021,8,5,목,15,21,,,,,,,
1,2021,8,6,금,0,18,,,,,,,
1,2021,8,7,토,0,15,,,,,,,
1,2021,8,8,일,22,0,,,,,,,
1,2021,8,9,월,21,21,,,,,,,
1,2021,8,10,화,9,6,,,,,,,
1,2021,8,11,수,9,5,,,,,,,
1,2021,8,12,목,9,17,,,,,,,
1,2021,8,13,금,0,23,,,,,,,
1,2021,8,14,토,0,0,,,,,,,
1,2021,8,15,일,0,13,,,,,,,
1,2021,8,16,월,13,21,,,,,,,
1,2021,8,17,화,13.5,3,,,,,,,
1,2021,8,18,수,14,18,,,,,,,
1,2021,8,19,목,12.5,3,,,,,,,
1,2021,8,20,금,0,1,,,,,,,
1,2021,8,21,토,0,17,,,,,,,
1,2021,8,22,일,12,13,,,,,,,
1,2021,8,23,월,12.5,22,,,,,,,
1,2021,8,24,화,13,4,,,,,,,
1,2021,8,25,수,14.5,18,,,,,,,
1,2021,8,26,목,10,24,,,,,,,
1,2021,8,27,금,0,13,,,,,,,
1,2021,8,28,토,0,5,,,,,,,
1,2021,8,29,일,12.5,23,,,,,,,
1,2021,8,30,월,13.5,7,,,,,,,
1,2021,8,31,화,12,1,,,,,,,
1,2021,9,1,수,14,1,,,,,,,
1,2021,9,2,목,14.5,12,,,,,,,
1,2021,9,3,금,0,22,,,,,,,
1,2021,9,4,토,0,9,,,,,,,
1,2021,9,5,일,14,13,,,,,,,
1,2021,9,6,월,13,0,,,,,,,
1,2021,9,7,화,13,21,,,,,,,
1,2021,9,8,수,12.5,20,,,,,,,
1,2021,9,9,목,0,17,,,,,,,
1,2021,9,10,금,0,10,,,,,,,
1,2021,9,11,토,0,1,,,,,,,
1,2021,9,12,일,0,2,,,,,,,
1,2021,9,13,월,13,19,,,,,,,
1,2021,9,14,화,13.5,4,,,,,,,
1,2021,9,15,수,14,9,,,,,,,
1,2021,9,16,목,14.5,19,,,,,,,
1,2021,9,17,금,0,22,,,,,,,
1,2021,9,18,토,0,3,,,,,,,
1,2021,9,19,일,12,22,,,,,,,
1,2021,9,20,월,12.5,4,,,,,,,
1,2021,9,21,화,20,2,,,,,,,
1,2021,9,22,수,9,6,,,,,,,
1,2021,9,23,목,12.5,22,,,,,,,
1,2021,9,24,금,0,20,,,,,,,
1,2021,9,25,토,0,16,,,,,,,
1,2021,9,26,일,12,4,,,,,,,
1,2021,9,27,월,14.5,2,,,,,,,
1,2021,9,28,화,13,9,,,,,,,
1,2021,9,29,수,12.5,15,,,,,,,
1,2021,9,30,목,9,2,,,,,,,
1,2021,10,1,금,0,21,,,,,,,
1,2021,10,2,토,0,24,,,,,,,
1,2021,10,3,일,0,4,,,,,,,
1,2021,10,4,월,11,14,,,,,,,
1,2021,10,5,화,12,6,,,,,,,
1,2021,10,6,수,19,9,,,,,,,
1,2021,10,7,목,0,16,,,,,,,
1,2021,10,8,금,0,17,,,,,,,
1,2021,10,9,토,0,8,,,,,,,
1,2021,10,10,일,0,13,,,,,,,
1,2021,10,11,월,12,9,,,,,,,
1,2021,10,12,화,0,16,,,,,,,
1,2021,10,13,수,0,18,,,,,,,
1,2021,10,14,목,0,4,,,,,,,
1,2021,10,15,금,0,16,,,,,,,
1,2021,10,16,토,0,20,,,,,,,
1,2021,10,17,일,12,0,,,,,,,
1,2021,10,18,월,12.5,20,,,,,,,
1,2021,10,19,화,14,8,,,,,,,
1,2021,10,20,수,15.5,10,,,,,,,
1,2021,10,21,목,5,19,,,,,,,
1,2021,10,22,금,0,8,,,,,,,
1,2021,10,23,토,0,10,,,,,,,
1,2021,10,24,일,12.5,13,,,,,,,
1,2021,10,25,월,13.5,21,,,,,,,
1,2021,10,26,화,16,22,,,,,,,
1,2021,10,27,수,9,0,,,,,,,
1,2021,10,28,목,9.5,6,,,,,,,
1,2021,10,29,금,0,10,,,,,,,
1,2021,10,30,토,0,24,,,,,,,
1,2021,10,31,일,13,17,,,,,,,
1,2021,11,1,월,14.5,19,,,,,,,
1,2021,11,2,화,15,14,,,,,,,
1,2021,11,3,수,12,8,,,,,,,
1,2021,11,4,목,8,13,,,,,,,
1,2021,11,5,금,0,1,,,,,,,
1,2021,11,6,토,0,21,,,,,,,
1,2021,11,7,일,13,23,,,,,,,
1,2021,11,8,월,12,15,,,,,,,
1,2021,11,9,화,12.5,18,,,,,,,
1,2021,11,10,수,14,5,,,,,,,
1,2021,11,11,목,14.5,11,,,,,,,
1,2021,11,12,금,0,16,,,,,,,
1,2021,11,13,토,0,9,,,,,,,
1,2021,11,14,일,12,8,,,,,,,
1,2021,11,15,월,13,17,,,,,,,
1,2021,11,16,화,14.5,13,,,,,,,
1,2021,11,17,수,14,22,,,,,,,
1,2021,11,18,목,15,5,,,,,,,
1,2021,11,19,금,0,4,,,,,,,
1,2021,11,20,토,0,1,,,,,,,
1,2021,11,21,일,12,10,,,,,,,
1,2021,11,22,월,12.5,8,,,,,,,
1,2021,11,23,화,13,10,,,,,,,
1,2021,11,24,수,13,16,,,,,,,
1,2021,11,25,목,9,20,,,,,,,
1,2021,11,26,금,0,24,,,,,,,
1,2021,11,27,토,0,14,,,,,,,
1,2021,11,28,일,9,3,,,,,,,
1,2021,11,29,월,9,14,,,,,,,
1,2021,11,30,화,9,6,,,,,,,
1,2021,12,1,수,9,20,,,,,,,
1,2021,12,2,목,9,14,,,,,,,
1,2021,12,3,금,0,0,,,,,,,
1,2021,12,4,토,0,7,,,,,,,
1,2021,12,5,일,9,9,,,,,,,
1,2021,12,6,월,9.5,3,,,,,,,
1,2021,12,7,화,12,16,,,,,,,
1,2021,12,8,수,13,9,,,,,,,
1,2021,12,9,목,12,24,,,,,,,
1,2021,12,10,금,0,17,,,,,,,
1,2021,12,11,토,0,15,,,,,,,
1,2021,12,12,일,13,0,,,,,,,
1,2021,12,13,월,13,1,,,,,,,
1,2021,12,14,화,13,4,,,,,,,
1,2021,12,15,수,13,17,,,,,,,
1,2021,12,16,목,13,18,,,,,,,
1,2021,12,17,금,0,24,,,,,,,
1,2021,12,18,토,0,1,,,,,,,
1,2021,12,19,일,5,23,,,,,,,
1,2021,12,20,월,14,10,,,,,,,
1,2021,12,21,화,12,9,,,,,,,
1,2021,12,22,수,11,21,,,,,,,
1,2021,12,23,목,15,7,,,,,,,
1,2021,12,24,금,16,18,,,,,,,
1,2021,12,25,토,0,24,,,,,,,
1,2021,12,26,일,3,20,,,,,,,
1,2021,12,27,월,18,6,,,,,,,
1,2021,12,28,화,12,18,,,,,,,
1,2021,12,29,수,13,6,,,,,,,
1,2021,12,30,목,9,13,,,,,,,
1,2021,12,31,금,8,20,,,,,,,
1,2020,1,1,금,17,,,,,,,,
1,2020,1,2,토,6,,,,,,,,
1,2020,1,3,일,11,,,,,,,,
1,2020,1,4,월,17,,,,,,,,
1,2020,1,5,화,9,,,,,,,,
1,2020,1,6,수,5,,,,,,,,
1,2020,1,7,목,5,,,,,,,,
1,2020,1,8,금,14,,,,,,,,
1,2020,1,9,토,10,,,,,,,,
1,2020,1,10,일,11,,,,,,,,
1,2020,1,11,월,16,,,,,,,,
1,2020,1,12,화,10,,,,,,,,
1,2020,1,13,수,10,,,,,,,,
1,2020,1,14,목,18,,,,,,,,
1,2020,1,15,금,17,,,,,,,,
1,2020,1,16,토,20,,,,,,,,
1,2020,1,17,일,20,,,,,,,,
1,2020,1,18,월,16,,,,,,,,
1,2020,1,19,화,2,,,,,,,,
1,2020,1,20,수,5,,,,,,,,
1,2020,1,21,목,13,,,,,,,,
1,2020,1,22,금,1,,,,,,,,
1,2020,1,23,토,19,,,,,,,,
1,2020,1,24,일,5,,,,,,,,
1,2020,1,25,월,24,,,,,,,,
1,2020,1,26,화,18,,,,,,,,
1,2020,1,27,수,7,,,,,,,,
1,2020,1,28,목,16,,,,,,,,
1,2020,1,29,금,10,,,,,,,,
1,2020,1,30,토,8,,,,,,,,
1,2020,1,31,일,17,,,,,,,,
1,2020,2,1,월,0,,,,,,,,
1,2020,2,2,화,19,,,,,,,,
1,2020,2,3,수,9,,,,,,,,
1,2020,2,4,목,5,,,,,,,,
1,2020,2,5,금,15,,,,,,,,
1,2020,2,6,토,7,,,,,,,,
1,2020,2,7,일,4,,,,,,,,
1,2020,2,8,월,19,,,,,,,,
1,2020,2,9,화,21,,,,,,,,
1,2020,2,10,수,12,,,,,,,,
1,2020,2,11,목,12,,,,,,,,
1,2020,2,12,금,5,,,,,,,,
1,2020,2,13,토,15,,,,,,,,
1,2020,2,14,일,16,,,,,,,,
1,2020,2,15,월,18,,,,,,,,
1,2020,2,16,화,23,,,,,,,,
1,2020,2,17,수,1,,,,,,,,
1,2020,2,18,목,24,,,,,,,,
1,2020,2,19,금,14,,,,,,,,
1,2020,2,20,토,4,,,,,,,,
1,2020,2,21,일,10,,,,,,,,
1,2020,2,22,월,15,,,,,,,,
1,2020,2,23,화,15,,,,,,,,
1,2020,2,24,수,1,,,,,,,,
1,2020,2,25,목,2,,,,,,,,
1,2020,2,26,금,24,,,,,,,,
1,2020,2,27,토,12,,,,,,,,
1,2020,2,28,일,0,,,,,,,,
1,2020,3,1,월,11,,,,,,,,
1,2020,3,2,화,11,,,,,,,,
1,2020,3,3,수,6,,,,,,,,
1,2020,3,4,목,4,,,,,,,,
1,2020,3,5,금,18,,,,,,,,
1,2020,3,6,토,7,,,,,,,,
1,2020,3,7,일,14,,,,,,,,
1,2020,3,8,월,13,,,,,,,,
1,2020,3,9,화,22,,,,,,,,
1,2020,3,10,수,14,,,,,,,,
1,2020,3,11,목,17,,,,,,,,
1,2020,3,12,금,20,,,,,,,,
1,2020,3,13,토,3,,,,,,,,
1,2020,3,14,일,17,,,,,,,,
1,2020,3,15,월,7,,,,,,,,
1,2020,3,16,화,19,,,,,,,,
1,2020,3,17,수,0,,,,,,,,
1,2020,3,18,목,21,,,,,,,,
1,2020,3,19,금,3,,,,,,,,
1,2020,3,20,토,5,,,,,,,,
1,2020,3,21,일,12,,,,,,,,
1,2020,3,22,월,16,,,,,,,,
1,2020,3,23,화,16,,,,,,,,
1,2020,3,24,수,10,,,,,,,,
1,2020,3,25,목,3,,,,,,,,
1,2020,3,26,금,16,,,,,,,,
1,2020,3,27,토,4,,,,,,,,
1,2020,3,28,일,23,,,,,,,,
1,2020,3,29,월,17,,,,,,,,
1,2020,3,30,화,15,,,,,,,,
1,2020,3,31,수,4,,,,,,,,
1,2020,4,1,목,20,,,,,,,,
1,2020,4,2,금,24,,,,,,,,
1,2020,4,3,토,6,,,,,,,,
1,2020,4,4,일,13,,,,,,,,
1,2020,4,5,월,3,,,,,,,,
1,2020,4,6,화,15,,,,,,,,
1,2020,4,7,수,2,,,,,,,,
1,2020,4,8,목,24,,,,,,,,
1,2020,4,9,금,20,,,,,,,,
1,2020,4,10,토,6,,,,,,,,
1,2020,4,11,일,2,,,,,,,,
1,2020,4,12,월,10,,,,,,,,
1,2020,4,13,화,10,,,,,,,,
1,2020,4,14,수,2,,,,,,,,
1,2020,4,15,목,16,,,,,,,,
1,2020,4,16,금,23,,,,,,,,
1,2020,4,17,토,18,,,,,,,,
1,2020,4,18,일,11,,,,,,,,
1,2020,4,19,월,4,,,,,,,,
1,2020,4,20,화,5,,,,,,,,
1,2020,4,21,수,22,,,,,,,,
1,2020,4,22,목,9,,,,,,,,
1,2020,4,23,금,14,,,,,,,,
1,2020,4,24,토,18,,,,,,,,
1,2020,4,25,일,4,,,,,,,,
1,2020,4,26,월,6,,,,,,,,
1,2020,4,27,화,17,,,,,,,,
1,2020,4,28,수,0,,,,,,,,
1,2020,4,29,목,1,,,,,,,,
1,2020,4,30,금,22,,,,,,,,
1,2020,5,1,토,12,,,,,,,,
1,2020,5,2,일,3,,,,,,,,
1,2020,5,3,월,5,,,,,,,,
1,2020,5,4,화,21,,,,,,,,
1,2020,5,5,수,3,,,,,,,,
1,2020,5,6,목,21,,,,,,,,
1,2020,5,7,금,8,,,,,,,,
1,2020,5,8,토,8,,,,,,,,
1,2020,5,9,일,5,,,,,,,,
1,2020,5,10,월,15,,,,,,,,
1,2020,5,11,화,7,,,,,,,,
1,2020,5,12,수,4,,,,,,,,
1,2020,5,13,목,11,,,,,,,,
1,2020,5,14,금,23,,,,,,,,
1,2020,5,15,토,21,,,,,,,,
1,2020,5,16,일,13,,,,,,,,
1,2020,5,17,월,5,,,,,,,,
1,2020,5,18,화,4,,,,,,,,
1,2020,5,19,수,11,,,,,,,,
1,2020,5,20,목,14,,,,,,,,
1,2020,5,21,금,6,,,,,,,,
1,2020,5,22,토,3,,,,,,,,
1,2020,5,23,일,11,,,,,,,,
1,2020,5,24,월,22,,,,,,,,
1,2020,5,25,화,21,,,,,,,,
1,2020,5,26,수,2,,,,,,,,
1,2020,5,27,목,2,,,,,,,,
1,2020,5,28,금,14,,,,,,,,
1,2020,5,29,토,0,,,,,,,,
1,2020,5,30,일,10,,,,,,,,
1,2020,5,31,월,10,,,,,,,,
1,2020,6,1,화,22,,,,,,,,
1,2020,6,2,수,15,,,,,,,,
1,2020,6,3,목,11,,,,,,,,
1,2020,6,4,금,11,,,,,,,,
1,2020,6,5,토,23,,,,,,,,
1,2020,6,6,일,24,,,,,,,,
1,2020,6,7,월,6,,,,,,,,
1,2020,6,8,화,8,,,,,,,,
1,2020,6,9,수,0,,,,,,,,
1,2020,6,10,목,4,,,,,,,,
1,2020,6,11,금,10,,,,,,,,
1,2020,6,12,토,0,,,,,,,,
1,2020,6,13,일,18,,,,,,,,
1,2020,6,14,월,20,,,,,,,,
1,2020,6,15,화,1,,,,,,,,
1,2020,6,16,수,9,,,,,,,,
1,2020,6,17,목,11,,,,,,,,
1,2020,6,18,금,24,,,,,,,,
1,2020,6,19,토,7,,,,,,,,
1,2020,6,20,일,6,,,,,,,,
1,2020,6,21,월,23,,,,,,,,
1,2020,6,22,화,14,,,,,,,,
1,2020,6,23,수,14,,,,,,,,
1,2020,6,24,목,11,,,,,,,,
1,2020,6,25,금,23,,,,,,,,
1,2020,6,26,토,8,,,,,,,,
1,2020,6,27,일,15,,,,,,,,
1,2020,6,28,월,11,,,,,,,,
1,2020,6,29,화,12,,,,,,,,
1,2020,6,30,수,8,,,,,,,,
1,2020,7,1,목,11,,,,,,,,
1,2020,7,2,금,3,,,,,,,,
1,2020,7,3,토,9,,,,,,,,
1,2020,7,4,일,7,,,,,,,,
1,2020,7,5,월,8,,,,,,,,
1,2020,7,6,화,6,,,,,,,,
1,2020,7,7,수,1,,,,,,,,
1,2020,7,8,목,21,,,,,,,,
1,2020,7,9,금,9,,,,,,,,
1,2020,7,10,토,6,,,,,,,,
1,2020,7,11,일,7,,,,,,,,
1,2020,7,12,월,19,,,,,,,,
1,2020,7,13,화,0,,,,,,,,
1,2020,7,14,수,14,,,,,,,,
1,2020,7,15,목,15,,,,,,,,
1,2020,7,16,금,7,,,,,,,,
1,2020,7,17,토,20,,,,,,,,
1,2020,7,18,일,19,,,,,,,,
1,2020,7,19,월,10,,,,,,,,
1,2020,7,20,화,16,,,,,,,,
1,2020,7,21,수,1,,,,,,,,
1,2020,7,22,목,3,,,,,,,,
1,2020,7,23,금,5,,,,,,,,
1,2020,7,24,토,12,,,,,,,,
1,2020,7,25,일,15,,,,,,,,
1,2020,7,26,월,15,,,,,,,,
1,2020,7,27,화,7,,,,,,,,
1,2020,7,28,수,9,,,,,,,,
1,2020,7,29,목,12,,,,,,,,
1,2020,7,30,금,0,,,,,,,,
1,2020,7,31,토,23,,,,,,,,
1,2020,8,1,일,0,,,,,,,,
1,2020,8,2,월,21,,,,,,,,
1,2020,8,3,화,6,,,,,,,,
1,2020,8,4,수,11,,,,,,,,
1,2020,8,5,목,7,,,,,,,,
1,2020,8,6,금,6,,,,,,,,
1,2020,8,7,토,24,,,,,,,,
1,2020,8,8,일,14,,,,,,,,
1,2020,8,9,월,7,,,,,,,,
1,2020,8,10,화,10,,,,,,,,
1,2020,8,11,수,13,,,,,,,,
1,2020,8,12,목,17,,,,,,,,
1,2020,8,13,금,7,,,,,,,,
1,2020,8,14,토,13,,,,,,,,
1,2020,8,15,일,22,,,,,,,,
1,2020,8,16,월,9,,,,,,,,
1,2020,8,17,화,4,,,,,,,,
1,2020,8,18,수,22,,,,,,,,
1,2020,8,19,목,7,,,,,,,,
1,2020,8,20,금,23,,,,,,,,
1,2020,8,21,토,23,,,,,,,,
1,2020,8,22,일,15,,,,,,,,
1,2020,8,23,월,1,,,,,,,,
1,2020,8,24,화,9,,,,,,,,
1,2020,8,25,수,4,,,,,,,,
1,2020,8,26,목,9,,,,,,,,
1,2020,8,27,금,21,,,,,,,,
1,2020,8,28,토,5,,,,,,,,
1,2020,8,29,일,19,,,,,,,,
1,2020,8,30,월,11,,,,,,,,
1,2020,8,31,화,9,,,,,,,,
1,2020,9,1,수,3,,,,,,,,
1,2020,9,2,목,4,,,,,,,,
1,2020,9,3,금,12,,,,,,,,
1,2020,9,4,토,14,,,,,,,,
1,2020,9,5,일,12,,,,,,,,
1,2020,9,6,월,18,,,,,,,,
1,2020,9,7,화,21,,,,,,,,
1,2020,9,8,수,7,,,,,,,,
1,2020,9,9,목,20,,,,,,,,
1,2020,9,10,금,9,,,,,,,,
1,2020,9,11,토,0,,,,,,,,
1,2020,9,12,일,14,,,,,,,,
1,2020,9,13,월,15,,,,,,,,
1,2020,9,14,화,0,,,,,,,,
1,2020,9,15,수,21,,,,,,,,
1,2020,9,16,목,3,,,,,,,,
1,2020,9,17,금,14,,,,,,,,
1,2020,9,18,토,16,,,,,,,,
1,2020,9,19,일,4,,,,,,,,
1,2020,9,20,월,3,,,,,,,,
1,2020,9,21,화,20,,,,,,,,
1,2020,9,22,수,21,,,,,,,,
1,2020,9,23,목,8,,,,,,,,
1,2020,9,24,금,5,,,,,,,,
1,2020,9,25,토,17,,,,,,,,
1,2020,9,26,일,14,,,,,,,,
1,2020,9,27,월,6,,,,,,,,
1,2020,9,28,화,11,,,,,,,,
1,2020,9,29,수,7,,,,,,,,
1,2020,9,30,목,4,,,,,,,,
1,2020,10,1,금,2,,,,,,,,
1,2020,10,2,토,20,,,,,,,,
1,2020,10,3,일,14,,,,,,,,
1,2020,10,4,월,23,,,,,,,,
1,2020,10,5,화,12,,,,,,,,
1,2020,10,6,수,12,,,,,,,,
1,2020,10,7,목,13,,,,,,,,
1,2020,10,8,금,18,,,,,,,,
1,2020,10,9,토,15,,,,,,,,
1,2020,10,10,일,1,,,,,,,,
1,2020,10,11,월,22,,,,,,,,
1,2020,10,12,화,24,,,,,,,,
1,2020,10,13,수,9,,,,,,,,
1,2020,10,14,목,16,,,,,,,,
1,2020,10,15,금,12,,,,,,,,
1,2020,10,16,토,13,,,,,,,,
1,2020,10,17,일,16,,,,,,,,
1,2020,10,18,월,8,,,,,,,,
1,2020,10,19,화,14,,,,,,,,
1,2020,10,20,수,23,,,,,,,,
1,2020,10,21,목,15,,,,,,,,
1,2020,10,22,금,23,,,,,,,,
1,2020,10,23,토,0,,,,,,,,
1,2020,10,24,일,0,,,,,,,,
1,2020,10,25,월,7,,,,,,,,
1,2020,10,26,화,14,,,,,,,,
1,2020,10,27,수,20,,,,,,,,
1,2020,10,28,목,19,,,,,,,,
1,2020,10,29,금,12,,,,,,,,
1,2020,10,30,토,5,,,,,,,,
1,2020,10,31,일,18,,,,,,,,
1,2020,11,1,월,11,,,,,,,,
1,2020,11,2,화,18,,,,,,,,
1,2020,11,3,수,4,,,,,,,,
1,2020,11,4,목,9,,,,,,,,
1,2020,11,5,금,7,,,,,,,,
1,2020,11,6,토,10,,,,,,,,
1,2020,11,7,일,6,,,,,,,,
1,2020,11,8,월,20,,,,,,,,
1,2020,11,9,화,22,,,,,,,,
1,2020,11,10,수,20,,,,,,,,
1,2020,11,11,목,21,,,,,,,,
1,2020,11,12,금,18,,,,,,,,
1,2020,11,13,토,20,,,,,,,,
1,2020,11,14,일,3,,,,,,,,
1,2020,11,15,월,24,,,,,,,,
1,2020,11,16,화,4,,,,,,,,
1,2020,11,17,수,16,,,,,,,,
1,2020,11,18,목,19,,,,,,,,
1,2020,11,19,금,13,,,,,,,,
1,2020,11,20,토,7,,,,,,,,
1,2020,11,21,일,5,,,,,,,,
1,2020,11,22,월,8,,,,,,,,
1,2020,11,23,화,15,,,,,,,,
1,2020,11,24,수,17,,,,,,,,
1,2020,11,25,목,16,,,,,,,,
1,2020,11,26,금,20,,,,,,,,
1,2020,11,27,토,3,,,,,,,,
1,2020,11,28,일,17,,,,,,,,
1,2020,11,29,월,19,,,,,,,,
1,2020,11,30,화,15,,,,,,,,
1,2020,12,1,수,3,,,,,,,,
1,2020,12,2,목,0,,,,,,,,
1,2020,12,3,금,14,,,,,,,,
1,2020,12,4,토,19,,,,,,,,
1,2020,12,5,일,3,,,,,,,,
1,2020,12,6,월,12,,,,,,,,
1,2020,12,7,화,13,,,,,,,,
1,2020,12,8,수,16,,,,,,,,
1,2020,12,9,목,22,,,,,,,,
1,2020,12,10,금,17,,,,,,,,
1,2020,12,11,토,11,,,,,,,,
1,2020,12,12,일,24,,,,,,,,
1,2020,12,13,월,11,,,,,,,,
1,2020,12,14,화,20,,,,,,,,
1,2020,12,15,수,10,,,,,,,,
1,2020,12,16,목,15,,,,,,,,
1,2020,12,17,금,16,,,,,,,,
1,2020,12,18,토,8,,,,,,,,
1,2020,12,19,일,6,,,,,,,,
1,2020,12,20,월,13,,,,,,,,
1,2020,12,21,화,6,,,,,,,,
1,2020,12,22,수,16,,,,,,,,
1,2020,12,23,목,12,,,,,,,,
1,2020,12,24,금,12,,,,,,,,
1,2020,12,25,토,22,,,,,,,,
1,2020,12,26,일,10,,,,,,,,
1,2020,12,27,월,0,,,,,,,,
1,2020,12,28,화,21,,,,,,,,
1,2020,12,29,수,3,,,,,,,,
1,2020,12,30,목,1,,,,,,,,
1,2020,12,31,금,21,,,,,,,,
1,2019,1,1,목,8,,,,,,,,
1,2019,1,2,금,9,,,,,,,,
1,2019,1,3,토,21,,,,,,,,
1,2019,1,4,일,21,,,,,,,,
1,2019,1,5,월,24,,,,,,,,
1,2019,1,6,화,10,,,,,,,,
1,2019,1,7,수,19,,,,,,,,
1,2019,1,8,목,14,,,,,,,,
1,2019,1,9,금,9,,,,,,,,
1,2019,1,10,토,16,,,,,,,,
1,2019,1,11,일,14,,,,,,,,
1,2019,1,12,월,2,,,,,,,,
1,2019,1,13,화,8,,,,,,,,
1,2019,1,14,수,16,,,,,,,,
1,2019,1,15,목,8,,,,,,,,
1,2019,1,16,금,14,,,,,,,,
1,2019,1,17,토,18,,,,,,,,
1,2019,1,18,일,23,,,,,,,,
1,2019,1,19,월,20,,,,,,,,
1,2019,1,20,화,23,,,,,,,,
1,2019,1,21,수,21,,,,,,,,
1,2019,1,22,목,1,,,,,,,,
1,2019,1,23,금,18,,,,,,,,
1,2019,1,24,토,9,,,,,,,,
1,2019,1,25,일,10,,,,,,,,
1,2019,1,26,월,18,,,,,,,,
1,2019,1,27,화,19,,,,,,,,
1,2019,1,28,수,13,,,,,,,,
1,2019,1,29,목,6,,,,,,,,
1,2019,1,30,금,6,,,,,,,,
1,2019,1,31,토,8,,,,,,,,
1,2019,2,1,일,20,,,,,,,,
1,2019,2,2,월,11,,,,,,,,
1,2019,2,3,화,3,,,,,,,,
1,2019,2,4,수,12,,,,,,,,
1,2019,2,5,목,11,,,,,,,,
1,2019,2,6,금,13,,,,,,,,
1,2019,2,7,토,6,,,,,,,,
1,2019,2,8,일,11,,,,,,,,
1,2019,2,9,월,4,,,,,,,,
1,2019,2,10,화,12,,,,,,,,
1,2019,2,11,수,2,,,,,,,,
1,2019,2,12,목,12,,,,,,,,
1,2019,2,13,금,10,,,,,,,,
1,2019,2,14,토,21,,,,,,,,
1,2019,2,15,일,11,,,,,,,,
1,2019,2,16,월,2,,,,,,,,
1,2019,2,17,화,2,,,,,,,,
1,2019,2,18,수,6,,,,,,,,
1,2019,2,19,목,9,,,,,,,,
1,2019,2,20,금,5,,,,,,,,
1,2019,2,21,토,24,,,,,,,,
1,2019,2,22,일,15,,,,,,,,
1,2019,2,23,월,17,,,,,,,,
1,2019,2,24,화,7,,,,,,,,
1,2019,2,25,수,14,,,,,,,,
1,2019,2,26,목,16,,,,,,,,
1,2019,2,27,금,10,,,,,,,,
1,2019,2,28,토,3,,,,,,,,
1,2019,3,1,일,16,,,,,,,,
1,2019,3,2,월,2,,,,,,,,
1,2019,3,3,화,1,,,,,,,,
1,2019,3,4,수,5,,,,,,,,
1,2019,3,5,목,1,,,,,,,,
1,2019,3,6,금,7,,,,,,,,
1,2019,3,7,토,10,,,,,,,,
1,2019,3,8,일,14,,,,,,,,
1,2019,3,9,월,13,,,,,,,,
1,2019,3,10,화,21,,,,,,,,
1,2019,3,11,수,2,,,,,,,,
1,2019,3,12,목,23,,,,,,,,
1,2019,3,13,금,2,,,,,,,,
1,2019,3,14,토,15,,,,,,,,
1,2019,3,15,일,24,,,,,,,,
1,2019,3,16,월,11,,,,,,,,
1,2019,3,17,화,12,,,,,,,,
1,2019,3,18,수,4,,,,,,,,
1,2019,3,19,목,11,,,,,,,,
1,2019,3,20,금,16,,,,,,,,
1,2019,3,21,토,12,,,,,,,,
1,2019,3,22,일,20,,,,,,,,
1,2019,3,23,월,16,,,,,,,,
1,2019,3,24,화,10,,,,,,,,
1,2019,3,25,수,3,,,,,,,,
1,2019,3,26,목,9,,,,,,,,
1,2019,3,27,금,6,,,,,,,,
1,2019,3,28,토,20,,,,,,,,
1,2019,3,29,일,0,,,,,,,,
1,2019,3,30,월,2,,,,,,,,
1,2019,3,31,화,9,,,,,,,,
1,2019,4,1,수,19,,,,,,,,
1,2019,4,2,목,3,,,,,,,,
1,2019,4,3,금,8,,,,,,,,
1,2019,4,4,토,21,,,,,,,,
1,2019,4,5,일,17,,,,,,,,
1,2019,4,6,월,1,,,,,,,,
1,2019,4,7,화,4,,,,,,,,
1,2019,4,8,수,1,,,,,,,,
1,2019,4,9,목,24,,,,,,,,
1,2019,4,10,금,8,,,,,,,,
1,2019,4,11,토,18,,,,,,,,
1,2019,4,12,일,22,,,,,,,,
1,2019,4,13,월,22,,,,,,,,
1,2019,4,14,화,20,,,,,,,,
1,2019,4,15,수,0,,,,,,,,
1,2019,4,16,목,3,,,,,,,,
1,2019,4,17,금,10,,,,,,,,
1,2019,4,18,토,2,,,,,,,,
1,2019,4,19,일,11,,,,,,,,
1,2019,4,20,월,12,,,,,,,,
1,2019,4,21,화,8,,,,,,,,
1,2019,4,22,수,3,,,,,,,,
1,2019,4,23,목,1,,,,,,,,
1,2019,4,24,금,14,,,,,,,,
1,2019,4,25,토,1,,,,,,,,
1,2019,4,26,일,6,,,,,,,,
1,2019,4,27,월,20,,,,,,,,
1,2019,4,28,화,14,,,,,,,,
1,2019,4,29,수,3,,,,,,,,
1,2019,4,30,목,15,,,,,,,,
1,2019,5,1,금,9,,,,,,,,
1,2019,5,2,토,24,,,,,,,,
1,2019,5,3,일,15,,,,,,,,
1,2019,5,4,월,3,,,,,,,,
1,2019,5,5,화,10,,,,,,,,
1,2019,5,6,수,4,,,,,,,,
1,2019,5,7,목,8,,,,,,,,
1,2019,5,8,금,12,,,,,,,,
1,2019,5,9,토,5,,,,,,,,
1,2019,5,10,일,10,,,,,,,,
1,2019,5,11,월,22,,,,,,,,
1,2019,5,12,화,20,,,,,,,,
1,2019,5,13,수,0,,,,,,,,
1,2019,5,14,목,20,,,,,,,,
1,2019,5,15,금,6,,,,,,,,
1,2019,5,16,토,15,,,,,,,,
1,2019,5,17,일,11,,,,,,,,
1,2019,5,18,월,0,,,,,,,,
1,2019,5,19,화,11,,,,,,,,
1,2019,5,20,수,13,,,,,,,,
1,2019,5,21,목,21,,,,,,,,
1,2019,5,22,금,12,,,,,,,,
1,2019,5,23,토,6,,,,,,,,
1,2019,5,24,일,21,,,,,,,,
1,2019,5,25,월,13,,,,,,,,
1,2019,5,26,화,8,,,,,,,,
1,2019,5,27,수,21,,,,,,,,
1,2019,5,28,목,12,,,,,,,,
1,2019,5,29,금,5,,,,,,,,
1,2019,5,30,토,15,,,,,,,,
1,2019,5,31,일,11,,,,,,,,
1,2019,6,1,월,23,,,,,,,,
1,2019,6,2,화,17,,,,,,,,
1,2019,6,3,수,13,,,,,,,,
1,2019,6,4,목,14,,,,,,,,
1,2019,6,5,금,0,,,,,,,,
1,2019,6,6,토,7,,,,,,,,
1,2019,6,7,일,4,,,,,,,,
1,2019,6,8,월,16,,,,,,,,
1,2019,6,9,화,13,,,,,,,,
1,2019,6,10,수,14,,,,,,,,
1,2019,6,11,목,20,,,,,,,,
1,2019,6,12,금,18,,,,,,,,
1,2019,6,13,토,12,,,,,,,,
1,2019,6,14,일,17,,,,,,,,
1,2019,6,15,월,17,,,,,,,,
1,2019,6,16,화,2,,,,,,,,
1,2019,6,17,수,6,,,,,,,,
1,2019,6,18,목,12,,,,,,,,
1,2019,6,19,금,6,,,,,,,,
1,2019,6,20,토,10,,,,,,,,
1,2019,6,21,일,8,,,,,,,,
1,2019,6,22,월,22,,,,,,,,
1,2019,6,23,화,22,,,,,,,,
1,2019,6,24,수,5,,,,,,,,
1,2019,6,25,목,11,,,,,,,,
1,2019,6,26,금,8,,,,,,,,
1,2019,6,27,토,10,,,,,,,,
1,2019,6,28,일,14,,,,,,,,
1,2019,6,29,월,11,,,,,,,,
1,2019,6,30,화,1,,,,,,,,
1,2019,7,1,수,13,,,,,,,,
1,2019,7,2,목,1,,,,,,,,
1,2019,7,3,금,7,,,,,,,,
1,2019,7,4,토,10,,,,,,,,
1,2019,7,5,일,23,,,,,,,,
1,2019,7,6,월,13,,,,,,,,
1,2019,7,7,화,20,,,,,,,,
1,2019,7,8,수,15,,,,,,,,
1,2019,7,9,목,7,,,,,,,,
1,2019,7,10,금,18,,,,,,,,
1,2019,7,11,토,8,,,,,,,,
1,2019,7,12,일,15,,,,,,,,
1,2019,7,13,월,10,,,,,,,,
1,2019,7,14,화,7,,,,,,,,
1,2019,7,15,수,12,,,,,,,,
1,2019,7,16,목,20,,,,,,,,
1,2019,7,17,금,22,,,,,,,,
1,2019,7,18,토,9,,,,,,,,
1,2019,7,19,일,11,,,,,,,,
1,2019,7,20,월,0,,,,,,,,
1,2019,7,21,화,20,,,,,,,,
1,2019,7,22,수,15,,,,,,,,
1,2019,7,23,목,21,,,,,,,,
1,2019,7,24,금,3,,,,,,,,
1,2019,7,25,토,1,,,,,,,,
1,2019,7,26,일,18,,,,,,,,
1,2019,7,27,월,14,,,,,,,,
1,2019,7,28,화,5,,,,,,,,
1,2019,7,29,수,14,,,,,,,,
1,2019,7,30,목,7,,,,,,,,
1,2019,7,31,금,8,,,,,,,,
1,2019,8,1,토,10,,,,,,,,
1,2019,8,2,일,13,,,,,,,,
1,2019,8,3,월,2,,,,,,,,
1,2019,8,4,화,19,,,,,,,,
1,2019,8,5,수,0,,,,,,,,
1,2019,8,6,목,4,,,,,,,,
1,2019,8,7,금,14,,,,,,,,
1,2019,8,8,토,17,,,,,,,,
1,2019,8,9,일,17,,,,,,,,
1,2019,8,10,월,19,,,,,,,,
1,2019,8,11,화,18,,,,,,,,
1,2019,8,12,수,24,,,,,,,,
1,2019,8,13,목,11,,,,,,,,
1,2019,8,14,금,19,,,,,,,,
1,2019,8,15,토,15,,,,,,,,
1,2019,8,16,일,5,,,,,,,,
1,2019,8,17,월,12,,,,,,,,
1,2019,8,18,화,6,,,,,,,,
1,2019,8,19,수,24,,,,,,,,
1,2019,8,20,목,23,,,,,,,,
1,2019,8,21,금,3,,,,,,,,
1,2019,8,22,토,1,,,,,,,,
1,2019,8,23,일,13,,,,,,,,
1,2019,8,24,월,11,,,,,,,,
1,2019,8,25,화,8,,,,,,,,
1,2019,8,26,수,23,,,,,,,,
1,2019,8,27,목,9,,,,,,,,
1,2019,8,28,금,0,,,,,,,,
1,2019,8,29,토,5,,,,,,,,
1,2019,8,30,일,15,,,,,,,,
1,2019,8,31,월,18,,,,,,,,
1,2019,9,1,화,0,,,,,,,,
1,2019,9,2,수,12,,,,,,,,
1,2019,9,3,목,7,,,,,,,,
1,2019,9,4,금,18,,,,,,,,
1,2019,9,5,토,10,,,,,,,,
1,2019,9,6,일,9,,,,,,,,
1,2019,9,7,월,14,,,,,,,,
1,2019,9,8,화,7,,,,,,,,
1,2019,9,9,수,21,,,,,,,,
1,2019,9,10,목,9,,,,,,,,
1,2019,9,11,금,22,,,,,,,,
1,2019,9,12,토,22,,,,,,,,
1,2019,9,13,일,15,,,,,,,,
1,2019,9,14,월,9,,,,,,,,
1,2019,9,15,화,1,,,,,,,,
1,2019,9,16,수,10,,,,,,,,
1,2019,9,17,목,16,,,,,,,,
1,2019,9,18,금,14,,,,,,,,
1,2019,9,19,토,5,,,,,,,,
1,2019,9,20,일,10,,,,,,,,
1,2019,9,21,월,1,,,,,,,,
1,2019,9,22,화,21,,,,,,,,
1,2019,9,23,수,16,,,,,,,,
1,2019,9,24,목,10,,,,,,,,
1,2019,9,25,금,7,,,,,,,,
1,2019,9,26,토,18,,,,,,,,
1,2019,9,27,일,3,,,,,,,,
1,2019,9,28,월,13,,,,,,,,
1,2019,9,29,화,8,,,,,,,,
1,2019,9,30,수,21,,,,,,,,
1,2019,10,1,목,4,,,,,,,,
1,2019,10,2,금,1,,,,,,,,
1,2019,10,3,토,8,,,,,,,,
1,2019,10,4,일,6,,,,,,,,
1,2019,10,5,월,20,,,,,,,,
1,2019,10,6,화,16,,,,,,,,
1,2019,10,7,수,12,,,,,,,,
1,2019,10,8,목,5,,,,,,,,
1,2019,10,9,금,17,,,,,,,,
1,2019,10,10,토,18,,,,,,,,
1,2019,10,11,일,23,,,,,,,,
1,2019,10,12,월,17,,,,,,,,
1,2019,10,13,화,21,,,,,,,,
1,2019,10,14,수,10,,,,,,,,
1,2019,10,15,목,10,,,,,,,,
1,2019,10,16,금,11,,,,,,,,
1,2019,10,17,토,14,,,,,,,,
1,2019,10,18,일,12,,,,,,,,
1,2019,10,19,월,13,,,,,,,,
1,2019,10,20,화,8,,,,,,,,
1,2019,10,21,수,12,,,,,,,,
1,2019,10,22,목,16,,,,,,,,
1,2019,10,23,금,21,,,,,,,,
1,2019,10,24,토,15,,,,,,,,
1,2019,10,25,일,19,,,,,,,,
1,2019,10,26,월,15,,,,,,,,
1,2019,10,27,화,20,,,,,,,,
1,2019,10,28,수,22,,,,,,,,
1,2019,10,29,목,4,,,,,,,,
1,2019,10,30,금,5,,,,,,,,
1,2019,10,31,토,8,,,,,,,,
1,2019,11,1,일,3,,,,,,,,
1,2019,11,2,월,2,,,,,,,,
1,2019,11,3,화,24,,,,,,,,
1,2019,11,4,수,17,,,,,,,,
1,2019,11,5,목,2,,,,,,,,
1,2019,11,6,금,18,,,,,,,,
1,2019,11,7,토,24,,,,,,,,
1,2019,11,8,일,2,,,,,,,,
1,2019,11,9,월,19,,,,,,,,
1,2019,11,10,화,14,,,,,,,,
1,2019,11,11,수,20,,,,,,,,
1,2019,11,12,목,9,,,,,,,,
1,2019,11,13,금,12,,,,,,,,
1,2019,11,14,토,19,,,,,,,,
1,2019,11,15,일,5,,,,,,,,
1,2019,11,16,월,13,,,,,,,,
1,2019,11,17,화,15,,,,,,,,
1,2019,11,18,수,6,,,,,,,,
1,2019,11,19,목,17,,,,,,,,
1,2019,11,20,금,11,,,,,,,,
1,2019,11,21,토,12,,,,,,,,
1,2019,11,22,일,4,,,,,,,,
1,2019,11,23,월,17,,,,,,,,
1,2019,11,24,화,17,,,,,,,,
1,2019,11,25,수,24,,,,,,,,
1,2019,11,26,목,8,,,,,,,,
1,2019,11,27,금,4,,,,,,,,
1,2019,11,28,토,2,,,,,,,,
1,2019,11,29,일,1,,,,,,,,
1,2019,11,30,월,18,,,,,,,,
1,2019,12,1,화,7,,,,,,,,
1,2019,12,2,수,13,,,,,,,,
1,2019,12,3,목,21,,,,,,,,
1,2019,12,4,금,22,,,,,,,,
1,2019,12,5,토,16,,,,,,,,
1,2019,12,6,일,4,,,,,,,,
1,2019,12,7,월,5,,,,,,,,
1,2019,12,8,화,22,,,,,,,,
1,2019,12,9,수,21,,,,,,,,
1,2019,12,10,목,20,,,,,,,,
1,2019,12,11,금,6,,,,,,,,
1,2019,12,12,토,22,,,,,,,,
1,2019,12,13,일,20,,,,,,,,
1,2019,12,14,월,7,,,,,,,,
1,2019,12,15,화,7,,,,,,,,
1,2019,12,16,수,20,,,,,,,,
1,2019,12,17,목,13,,,,,,,,
1,2019,12,18,금,14,,,,,,,,
1,2019,12,19,토,21,,,,,,,,
1,2019,12,20,일,23,,,,,,,,
1,2019,12,21,월,20,,,,,,,,
1,2019,12,22,화,6,,,,,,,,
1,2019,12,23,수,6,,,,,,,,
1,2019,12,24,목,18,,,,,,,,
1,2019,12,25,금,9,,,,,,,,
1,2019,12,26,토,8,,,,,,,,
1,2019,12,27,일,1,,,,,,,,
1,2019,12,28,월,2,,,,,,,,
1,2019,12,29,화,5,,,,,,,,
1,2019,12,30,수,12,,,,,,,,
1,2019,12,31,목,8,,,,,,,,
1,2018,1,1,수,9,,,,,,,,
1,2018,1,2,목,4,,,,,,,,
1,2018,1,3,금,18,,,,,,,,
1,2018,1,4,토,14,,,,,,,,
1,2018,1,5,일,16,,,,,,,,
1,2018,1,6,월,3,,,,,,,,
1,2018,1,7,화,23,,,,,,,,
1,2018,1,8,수,23,,,,,,,,
1,2018,1,9,목,10,,,,,,,,
1,2018,1,10,금,4,,,,,,,,
1,2018,1,11,토,15,,,,,,,,
1,2018,1,12,일,21,,,,,,,,
1,2018,1,13,월,19,,,,,,,,
1,2018,1,14,화,3,,,,,,,,
1,2018,1,15,수,8,,,,,,,,
1,2018,1,16,목,20,,,,,,,,
1,2018,1,17,금,8,,,,,,,,
1,2018,1,18,토,17,,,,,,,,
1,2018,1,19,일,12,,,,,,,,
1,2018,1,20,월,21,,,,,,,,
1,2018,1,21,화,14,,,,,,,,
1,2018,1,22,수,13,,,,,,,,
1,2018,1,23,목,22,,,,,,,,
1,2018,1,24,금,16,,,,,,,,
1,2018,1,25,토,5,,,,,,,,
1,2018,1,26,일,4,,,,,,,,
1,2018,1,27,월,22,,,,,,,,
1,2018,1,28,화,1,,,,,,,,
1,2018,1,29,수,5,,,,,,,,
1,2018,1,30,목,17,,,,,,,,
1,2018,1,31,금,14,,,,,,,,
1,2018,2,1,토,1,,,,,,,,
1,2018,2,2,일,22,,,,,,,,
1,2018,2,3,월,16,,,,,,,,
1,2018,2,4,화,14,,,,,,,,
1,2018,2,5,수,16,,,,,,,,
1,2018,2,6,목,20,,,,,,,,
1,2018,2,7,금,21,,,,,,,,
1,2018,2,8,토,8,,,,,,,,
1,2018,2,9,일,20,,,,,,,,
1,2018,2,10,월,21,,,,,,,,
1,2018,2,11,화,3,,,,,,,,
1,2018,2,12,수,17,,,,,,,,
1,2018,2,13,목,17,,,,,,,,
1,2018,2,14,금,20,,,,,,,,
1,2018,2,15,토,16,,,,,,,,
1,2018,2,16,일,13,,,,,,,,
1,2018,2,17,월,7,,,,,,,,
1,2018,2,18,화,9,,,,,,,,
1,2018,2,19,수,6,,,,,,,,
1,2018,2,20,목,23,,,,,,,,
1,2018,2,21,금,11,,,,,,,,
1,2018,2,22,토,1,,,,,,,,
1,2018,2,23,일,11,,,,,,,,
1,2018,2,24,월,13,,,,,,,,
1,2018,2,25,화,12,,,,,,,,
1,2018,2,26,수,3,,,,,,,,
1,2018,2,27,목,0,,,,,,,,
1,2018,2,28,금,5,,,,,,,,
1,2018,3,1,토,3,,,,,,,,
1,2018,3,2,일,15,,,,,,,,
1,2018,3,3,월,6,,,,,,,,
1,2018,3,4,화,21,,,,,,,,
1,2018,3,5,수,12,,,,,,,,
1,2018,3,6,목,6,,,,,,,,
1,2018,3,7,금,4,,,,,,,,
1,2018,3,8,토,4,,,,,,,,
1,2018,3,9,일,19,,,,,,,,
1,2018,3,10,월,16,,,,,,,,
1,2018,3,11,화,15,,,,,,,,
1,2018,3,12,수,13,,,,,,,,
1,2018,3,13,목,17,,,,,,,,
1,2018,3,14,금,0,,,,,,,,
1,2018,3,15,토,12,,,,,,,,
1,2018,3,16,일,15,,,,,,,,
1,2018,3,17,월,5,,,,,,,,
1,2018,3,18,화,2,,,,,,,,
1,2018,3,19,수,10,,,,,,,,
1,2018,3,20,목,20,,,,,,,,
1,2018,3,21,금,23,,,,,,,,
1,2018,3,22,토,19,,,,,,,,
1,2018,3,23,일,0,,,,,,,,
1,2018,3,24,월,14,,,,,,,,
1,2018,3,25,화,14,,,,,,,,
1,2018,3,26,수,14,,,,,,,,
1,2018,3,27,목,14,,,,,,,,
1,2018,3,28,금,14,,,,,,,,
1,2018,3,29,토,7,,,,,,,,
1,2018,3,30,일,0,,,,,,,,
1,2018,3,31,월,13,,,,,,,,
1,2018,4,1,화,8,,,,,,,,
1,2018,4,2,수,5,,,,,,,,
1,2018,4,3,목,15,,,,,,,,
1,2018,4,4,금,1,,,,,,,,
1,2018,4,5,토,13,,,,,,,,
1,2018,4,6,일,9,,,,,,,,
1,2018,4,7,월,24,,,,,,,,
1,2018,4,8,화,12,,,,,,,,
1,2018,4,9,수,14,,,,,,,,
1,2018,4,10,목,22,,,,,,,,
1,2018,4,11,금,2,,,,,,,,
1,2018,4,12,토,19,,,,,,,,
1,2018,4,13,일,13,,,,,,,,
1,2018,4,14,월,8,,,,,,,,
1,2018,4,15,화,24,,,,,,,,
1,2018,4,16,수,15,,,,,,,,
1,2018,4,17,목,21,,,,,,,,
1,2018,4,18,금,9,,,,,,,,
1,2018,4,19,토,14,,,,,,,,
1,2018,4,20,일,0,,,,,,,,
1,2018,4,21,월,16,,,,,,,,
1,2018,4,22,화,23,,,,,,,,
1,2018,4,23,수,3,,,,,,,,
1,2018,4,24,목,15,,,,,,,,
1,2018,4,25,금,11,,,,,,,,
1,2018,4,26,토,8,,,,,,,,
1,2018,4,27,일,7,,,,,,,,
1,2018,4,28,월,5,,,,,,,,
1,2018,4,29,화,17,,,,,,,,
1,2018,4,30,수,0,,,,,,,,
1,2018,5,1,목,14,,,,,,,,
1,2018,5,2,금,20,,,,,,,,
1,2018,5,3,토,10,,,,,,,,
1,2018,5,4,일,2,,,,,,,,
1,2018,5,5,월,3,,,,,,,,
1,2018,5,6,화,20,,,,,,,,
1,2018,5,7,수,6,,,,,,,,
1,2018,5,8,목,22,,,,,,,,
1,2018,5,9,금,9,,,,,,,,
1,2018,5,10,토,12,,,,,,,,
1,2018,5,11,일,20,,,,,,,,
1,2018,5,12,월,4,,,,,,,,
1,2018,5,13,화,22,,,,,,,,
1,2018,5,14,수,3,,,,,,,,
1,2018,5,15,목,11,,,,,,,,
1,2018,5,16,금,7,,,,,,,,
1,2018,5,17,토,18,,,,,,,,
1,2018,5,18,일,22,,,,,,,,
1,2018,5,19,월,10,,,,,,,,
1,2018,5,20,화,3,,,,,,,,
1,2018,5,21,수,15,,,,,,,,
1,2018,5,22,목,12,,,,,,,,
1,2018,5,23,금,10,,,,,,,,
1,2018,5,24,토,17,,,,,,,,
1,2018,5,25,일,19,,,,,,,,
1,2018,5,26,월,19,,,,,,,,
1,2018,5,27,화,10,,,,,,,,
1,2018,5,28,수,13,,,,,,,,
1,2018,5,29,목,20,,,,,,,,
1,2018,5,30,금,0,,,,,,,,
1,2018,5,31,토,16,,,,,,,,
1,2018,6,1,일,11,,,,,,,,
1,2018,6,2,월,12,,,,,,,,
1,2018,6,3,화,23,,,,,,,,
1,2018,6,4,수,6,,,,,,,,
1,2018,6,5,목,9,,,,,,,,
1,2018,6,6,금,10,,,,,,,,
1,2018,6,7,토,18,,,,,,,,
1,2018,6,8,일,23,,,,,,,,
1,2018,6,9,월,1,,,,,,,,
1,2018,6,10,화,3,,,,,,,,
1,2018,6,11,수,4,,,,,,,,
1,2018,6,12,목,2,,,,,,,,
1,2018,6,13,금,4,,,,,,,,
1,2018,6,14,토,3,,,,,,,,
1,2018,6,15,일,17,,,,,,,,
1,2018,6,16,월,12,,,,,,,,
1,2018,6,17,화,5,,,,,,,,
1,2018,6,18,수,19,,,,,,,,
1,2018,6,19,목,15,,,,,,,,
1,2018,6,20,금,6,,,,,,,,
1,2018,6,21,토,23,,,,,,,,
1,2018,6,22,일,11,,,,,,,,
1,2018,6,23,월,7,,,,,,,,
1,2018,6,24,화,9,,,,,,,,
1,2018,6,25,수,8,,,,,,,,
1,2018,6,26,목,20,,,,,,,,
1,2018,6,27,금,8,,,,,,,,
1,2018,6,28,토,7,,,,,,,,
1,2018,6,29,일,17,,,,,,,,
1,2018,6,30,월,23,,,,,,,,
1,2018,7,1,화,8,,,,,,,,
1,2018,7,2,수,22,,,,,,,,
1,2018,7,3,목,1,,,,,,,,
1,2018,7,4,금,4,,,,,,,,
1,2018,7,5,토,14,,,,,,,,
1,2018,7,6,일,7,,,,,,,,
1,2018,7,7,월,16,,,,,,,,
1,2018,7,8,화,20,,,,,,,,
1,2018,7,9,수,17,,,,,,,,
1,2018,7,10,목,7,,,,,,,,
1,2018,7,11,금,2,,,,,,,,
1,2018,7,12,토,5,,,,,,,,
1,2018,7,13,일,0,,,,,,,,
1,2018,7,14,월,2,,,,,,,,
1,2018,7,15,화,4,,,,,,,,
1,2018,7,16,수,12,,,,,,,,
1,2018,7,17,목,22,,,,,,,,
1,2018,7,18,금,15,,,,,,,,
1,2018,7,19,토,16,,,,,,,,
1,2018,7,20,일,14,,,,,,,,
1,2018,7,21,월,5,,,,,,,,
1,2018,7,22,화,0,,,,,,,,
1,2018,7,23,수,23,,,,,,,,
1,2018,7,24,목,12,,,,,,,,
1,2018,7,25,금,20,,,,,,,,
1,2018,7,26,토,9,,,,,,,,
1,2018,7,27,일,6,,,,,,,,
1,2018,7,28,월,8,,,,,,,,
1,2018,7,29,화,11,,,,,,,,
1,2018,7,30,수,7,,,,,,,,
1,2018,7,31,목,17,,,,,,,,
1,2018,8,1,금,10,,,,,,,,
1,2018,8,2,토,1,,,,,,,,
1,2018,8,3,일,5,,,,,,,,
1,2018,8,4,월,0,,,,,,,,
1,2018,8,5,화,5,,,,,,,,
1,2018,8,6,수,22,,,,,,,,
1,2018,8,7,목,7,,,,,,,,
1,2018,8,8,금,1,,,,,,,,
1,2018,8,9,토,24,,,,,,,,
1,2018,8,10,일,1,,,,,,,,
1,2018,8,11,월,7,,,,,,,,
1,2018,8,12,화,3,,,,,,,,
1,2018,8,13,수,23,,,,,,,,
1,2018,8,14,목,20,,,,,,,,
1,2018,8,15,금,23,,,,,,,,
1,2018,8,16,토,4,,,,,,,,
1,2018,8,17,일,6,,,,,,,,
1,2018,8,18,월,3,,,,,,,,
1,2018,8,19,화,22,,,,,,,,
1,2018,8,20,수,7,,,,,,,,
1,2018,8,21,목,17,,,,,,,,
1,2018,8,22,금,21,,,,,,,,
1,2018,8,23,토,6,,,,,,,,
1,2018,8,24,일,14,,,,,,,,
1,2018,8,25,월,23,,,,,,,,
1,2018,8,26,화,9,,,,,,,,
1,2018,8,27,수,6,,,,,,,,
1,2018,8,28,목,2,,,,,,,,
1,2018,8,29,금,22,,,,,,,,
1,2018,8,30,토,5,,,,,,,,
1,2018,8,31,일,16,,,,,,,,
1,2018,9,1,월,16,,,,,,,,
1,2018,9,2,화,6,,,,,,,,
1,2018,9,3,수,15,,,,,,,,
1,2018,9,4,목,8,,,,,,,,
1,2018,9,5,금,6,,,,,,,,
1,2018,9,6,토,12,,,,,,,,
1,2018,9,7,일,22,,,,,,,,
1,2018,9,8,월,7,,,,,,,,
1,2018,9,9,화,0,,,,,,,,
1,2018,9,10,수,0,,,,,,,,
1,2018,9,11,목,20,,,,,,,,
1,2018,9,12,금,4,,,,,,,,
1,2018,9,13,토,9,,,,,,,,
1,2018,9,14,일,8,,,,,,,,
1,2018,9,15,월,10,,,,,,,,
1,2018,9,16,화,19,,,,,,,,
1,2018,9,17,수,18,,,,,,,,
1,2018,9,18,목,23,,,,,,,,
1,2018,9,19,금,4,,,,,,,,
1,2018,9,20,토,12,,,,,,,,
1,2018,9,21,일,16,,,,,,,,
1,2018,9,22,월,2,,,,,,,,
1,2018,9,23,화,12,,,,,,,,
1,2018,9,24,수,6,,,,,,,,
1,2018,9,25,목,20,,,,,,,,
1,2018,9,26,금,3,,,,,,,,
1,2018,9,27,토,11,,,,,,,,
1,2018,9,28,일,0,,,,,,,,
1,2018,9,29,월,21,,,,,,,,
1,2018,9,30,화,17,,,,,,,,
1,2018,10,1,수,16,,,,,,,,
1,2018,10,2,목,12,,,,,,,,
1,2018,10,3,금,5,,,,,,,,
1,2018,10,4,토,16,,,,,,,,
1,2018,10,5,일,19,,,,,,,,
1,2018,10,6,월,6,,,,,,,,
1,2018,10,7,화,9,,,,,,,,
1,2018,10,8,수,2,,,,,,,,
1,2018,10,9,목,23,,,,,,,,
1,2018,10,10,금,15,,,,,,,,
1,2018,10,11,토,1,,,,,,,,
1,2018,10,12,일,8,,,,,,,,
1,2018,10,13,월,10,,,,,,,,
1,2018,10,14,화,1,,,,,,,,
1,2018,10,15,수,1,,,,,,,,
1,2018,10,16,목,2,,,,,,,,
1,2018,10,17,금,3,,,,,,,,
1,2018,10,18,토,2,,,,,,,,
1,2018,10,19,일,24,,,,,,,,
1,2018,10,20,월,24,,,,,,,,
1,2018,10,21,화,22,,,,,,,,
1,2018,10,22,수,17,,,,,,,,
1,2018,10,23,목,11,,,,,,,,
1,2018,10,24,금,4,,,,,,,,
1,2018,10,25,토,8,,,,,,,,
1,2018,10,26,일,20,,,,,,,,
1,2018,10,27,월,3,,,,,,,,
1,2018,10,28,화,7,,,,,,,,
1,2018,10,29,수,14,,,,,,,,
1,2018,10,30,목,14,,,,,,,,
1,2018,10,31,금,23,,,,,,,,
1,2018,11,1,토,19,,,,,,,,
1,2018,11,2,일,15,,,,,,,,
1,2018,11,3,월,4,,,,,,,,
1,2018,11,4,화,9,,,,,,,,
1,2018,11,5,수,12,,,,,,,,
1,2018,11,6,목,14,,,,,,,,
1,2018,11,7,금,6,,,,,,,,
1,2018,11,8,토,22,,,,,,,,
1,2018,11,9,일,24,,,,,,,,
1,2018,11,10,월,14,,,,,,,,
1,2018,11,11,화,5,,,,,,,,
1,2018,11,12,수,16,,,,,,,,
1,2018,11,13,목,24,,,,,,,,
1,2018,11,14,금,20,,,,,,,,
1,2018,11,15,토,13,,,,,,,,
1,2018,11,16,일,20,,,,,,,,
1,2018,11,17,월,8,,,,,,,,
1,2018,11,18,화,14,,,,,,,,
1,2018,11,19,수,23,,,,,,,,
1,2018,11,20,목,3,,,,,,,,
1,2018,11,21,금,21,,,,,,,,
1,2018,11,22,토,8,,,,,,,,
1,2018,11,23,일,15,,,,,,,,
1,2018,11,24,월,4,,,,,,,,
1,2018,11,25,화,10,,,,,,,,
1,2018,11,26,수,0,,,,,,,,
1,2018,11,27,목,7,,,,,,,,
1,2018,11,28,금,13,,,,,,,,
1,2018,11,29,토,6,,,,,,,,
1,2018,11,30,일,24,,,,,,,,
1,2018,12,1,월,2,,,,,,,,
1,2018,12,2,화,20,,,,,,,,
1,2018,12,3,수,17,,,,,,,,
1,2018,12,4,목,7,,,,,,,,
1,2018,12,5,금,16,,,,,,,,
1,2018,12,6,토,12,,,,,,,,
1,2018,12,7,일,15,,,,,,,,
1,2018,12,8,월,23,,,,,,,,
1,2018,12,9,화,4,,,,,,,,
1,2018,12,10,수,14,,,,,,,,
1,2018,12,11,목,15,,,,,,,,
1,2018,12,12,금,1,,,,,,,,
1,2018,12,13,토,4,,,,,,,,
1,2018,12,14,일,24,,,,,,,,
1,2018,12,15,월,4,,,,,,,,
1,2018,12,16,화,4,,,,,,,,
1,2018,12,17,수,2,,,,,,,,
1,2018,12,18,목,4,,,,,,,,
1,2018,12,19,금,1,,,,,,,,
1,2018,12,20,토,7,,,,,,,,
1,2018,12,21,일,22,,,,,,,,
1,2018,12,22,월,19,,,,,,,,
1,2018,12,23,화,17,,,,,,,,
1,2018,12,24,수,20,,,,,,,,
1,2018,12,25,목,9,,,,,,,,
1,2018,12,26,금,15,,,,,,,,
1,2018,12,27,토,14,,,,,,,,
1,2018,12,28,일,4,,,,,,,,
1,2018,12,29,월,1,,,,,,,,
1,2018,12,30,화,23,,,,,,,,
1,2018,12,31,수,3,,,,,,,,
1,2017,1,1,화,8,,,,,,,,
1,2017,1,2,수,7,,,,,,,,
1,2017,1,3,목,12,,,,,,,,
1,2017,1,4,금,1,,,,,,,,
1,2017,1,5,토,21,,,,,,,,
1,2017,1,6,일,17,,,,,,,,
1,2017,1,7,월,17,,,,,,,,
1,2017,1,8,화,12,,,,,,,,
1,2017,1,9,수,1,,,,,,,,
1,2017,1,10,목,22,,,,,,,,
1,2017,1,11,금,10,,,,,,,,
1,2017,1,12,토,15,,,,,,,,
1,2017,1,13,일,2,,,,,,,,
1,2017,1,14,월,24,,,,,,,,
1,2017,1,15,화,18,,,,,,,,
1,2017,1,16,수,17,,,,,,,,
1,2017,1,17,목,23,,,,,,,,
1,2017,1,18,금,19,,,,,,,,
1,2017,1,19,토,20,,,,,,,,
1,2017,1,20,일,19,,,,,,,,
1,2017,1,21,월,23,,,,,,,,
1,2017,1,22,화,21,,,,,,,,
1,2017,1,23,수,4,,,,,,,,
1,2017,1,24,목,3,,,,,,,,
1,2017,1,25,금,21,,,,,,,,
1,2017,1,26,토,15,,,,,,,,
1,2017,1,27,일,9,,,,,,,,
1,2017,1,28,월,9,,,,,,,,
1,2017,1,29,화,7,,,,,,,,
1,2017,1,30,수,23,,,,,,,,
1,2017,1,31,목,8,,,,,,,,
1,2017,2,1,금,19,,,,,,,,
1,2017,2,2,토,14,,,,,,,,
1,2017,2,3,일,20,,,,,,,,
1,2017,2,4,월,21,,,,,,,,
1,2017,2,5,화,15,,,,,,,,
1,2017,2,6,수,16,,,,,,,,
1,2017,2,7,목,6,,,,,,,,
1,2017,2,8,금,14,,,,,,,,
1,2017,2,9,토,22,,,,,,,,
1,2017,2,10,일,13,,,,,,,,
1,2017,2,11,월,11,,,,,,,,
1,2017,2,12,화,20,,,,,,,,
1,2017,2,13,수,22,,,,,,,,
1,2017,2,14,목,22,,,,,,,,
1,2017,2,15,금,19,,,,,,,,
1,2017,2,16,토,4,,,,,,,,
1,2017,2,17,일,6,,,,,,,,
1,2017,2,18,월,5,,,,,,,,
1,2017,2,19,화,17,,,,,,,,
1,2017,2,20,수,6,,,,,,,,
1,2017,2,21,목,6,,,,,,,,
1,2017,2,22,금,11,,,,,,,,
1,2017,2,23,토,16,,,,,,,,
1,2017,2,24,일,6,,,,,,,,
1,2017,2,25,월,15,,,,,,,,
1,2017,2,26,화,11,,,,,,,,
1,2017,2,27,수,5,,,,,,,,
1,2017,2,28,목,14,,,,,,,,
1,2017,3,1,금,19,,,,,,,,
1,2017,3,2,토,13,,,,,,,,
1,2017,3,3,일,6,,,,,,,,
1,2017,3,4,월,11,,,,,,,,
1,2017,3,5,화,0,,,,,,,,
1,2017,3,6,수,23,,,,,,,,
1,2017,3,7,목,21,,,,,,,,
1,2017,3,8,금,22,,,,,,,,
1,2017,3,9,토,20,,,,,,,,
1,2017,3,10,일,2,,,,,,,,
1,2017,3,11,월,18,,,,,,,,
1,2017,3,12,화,1,,,,,,,,
1,2017,3,13,수,17,,,,,,,,
1,2017,3,14,목,24,,,,,,,,
1,2017,3,15,금,10,,,,,,,,
1,2017,3,16,토,24,,,,,,,,
1,2017,3,17,일,21,,,,,,,,
1,2017,3,18,월,3,,,,,,,,
1,2017,3,19,화,12,,,,,,,,
1,2017,3,20,수,0,,,,,,,,
1,2017,3,21,목,2,,,,,,,,
1,2017,3,22,금,2,,,,,,,,
1,2017,3,23,토,6,,,,,,,,
1,2017,3,24,일,13,,,,,,,,
1,2017,3,25,월,9,,,,,,,,
1,2017,3,26,화,18,,,,,,,,
1,2017,3,27,수,21,,,,,,,,
1,2017,3,28,목,20,,,,,,,,
1,2017,3,29,금,13,,,,,,,,
1,2017,3,30,토,11,,,,,,,,
1,2017,3,31,일,4,,,,,,,,
1,2017,4,1,월,13,,,,,,,,
1,2017,4,2,화,19,,,,,,,,
1,2017,4,3,수,5,,,,,,,,
1,2017,4,4,목,14,,,,,,,,
1,2017,4,5,금,7,,,,,,,,
1,2017,4,6,토,5,,,,,,,,
1,2017,4,7,일,20,,,,,,,,
1,2017,4,8,월,14,,,,,,,,
1,2017,4,9,화,13,,,,,,,,
1,2017,4,10,수,15,,,,,,,,
1,2017,4,11,목,2,,,,,,,,
1,2017,4,12,금,18,,,,,,,,
1,2017,4,13,토,24,,,,,,,,
1,2017,4,14,일,15,,,,,,,,
1,2017,4,15,월,14,,,,,,,,
1,2017,4,16,화,4,,,,,,,,
1,2017,4,17,수,9,,,,,,,,
1,2017,4,18,목,12,,,,,,,,
1,2017,4,19,금,22,,,,,,,,
1,2017,4,20,토,4,,,,,,,,
1,2017,4,21,일,20,,,,,,,,
1,2017,4,22,월,1,,,,,,,,
1,2017,4,23,화,13,,,,,,,,
1,2017,4,24,수,13,,,,,,,,
1,2017,4,25,목,9,,,,,,,,
1,2017,4,26,금,14,,,,,,,,
1,2017,4,27,토,5,,,,,,,,
1,2017,4,28,일,17,,,,,,,,
1,2017,4,29,월,9,,,,,,,,
1,2017,4,30,화,1,,,,,,,,
1,2017,5,1,수,19,,,,,,,,
1,2017,5,2,목,2,,,,,,,,
1,2017,5,3,금,17,,,,,,,,
1,2017,5,4,토,6,,,,,,,,
1,2017,5,5,일,21,,,,,,,,
1,2017,5,6,월,7,,,,,,,,
1,2017,5,7,화,23,,,,,,,,
1,2017,5,8,수,24,,,,,,,,
1,2017,5,9,목,11,,,,,,,,
1,2017,5,10,금,2,,,,,,,,
1,2017,5,11,토,16,,,,,,,,
1,2017,5,12,일,21,,,,,,,,
1,2017,5,13,월,11,,,,,,,,
1,2017,5,14,화,15,,,,,,,,
1,2017,5,15,수,8,,,,,,,,
1,2017,5,16,목,13,,,,,,,,
1,2017,5,17,금,18,,,,,,,,
1,2017,5,18,토,24,,,,,,,,
1,2017,5,19,일,2,,,,,,,,
1,2017,5,20,월,15,,,,,,,,
1,2017,5,21,화,12,,,,,,,,
1,2017,5,22,수,5,,,,,,,,
1,2017,5,23,목,1,,,,,,,,
1,2017,5,24,금,0,,,,,,,,
1,2017,5,25,토,5,,,,,,,,
1,2017,5,26,일,13,,,,,,,,
1,2017,5,27,월,13,,,,,,,,
1,2017,5,28,화,14,,,,,,,,
1,2017,5,29,수,14,,,,,,,,
1,2017,5,30,목,20,,,,,,,,
1,2017,5,31,금,5,,,,,,,,
1,2017,6,1,토,18,,,,,,,,
1,2017,6,2,일,24,,,,,,,,
1,2017,6,3,월,22,,,,,,,,
1,2017,6,4,화,1,,,,,,,,
1,2017,6,5,수,17,,,,,,,,
1,2017,6,6,목,4,,,,,,,,
1,2017,6,7,금,17,,,,,,,,
1,2017,6,8,토,4,,,,,,,,
1,2017,6,9,일,24,,,,,,,,
1,2017,6,10,월,12,,,,,,,,
1,2017,6,11,화,0,,,,,,,,
1,2017,6,12,수,10,,,,,,,,
1,2017,6,13,목,1,,,,,,,,
1,2017,6,14,금,11,,,,,,,,
1,2017,6,15,토,24,,,,,,,,
1,2017,6,16,일,9,,,,,,,,
1,2017,6,17,월,7,,,,,,,,
1,2017,6,18,화,19,,,,,,,,
1,2017,6,19,수,17,,,,,,,,
1,2017,6,20,목,23,,,,,,,,
1,2017,6,21,금,21,,,,,,,,
1,2017,6,22,토,18,,,,,,,,
1,2017,6,23,일,6,,,,,,,,
1,2017,6,24,월,1,,,,,,,,
1,2017,6,25,화,17,,,,,,,,
1,2017,6,26,수,8,,,,,,,,
1,2017,6,27,목,14,,,,,,,,
1,2017,6,28,금,20,,,,,,,,
1,2017,6,29,토,16,,,,,,,,
1,2017,6,30,일,1,,,,,,,,
1,2017,7,1,월,19,,,,,,,,
1,2017,7,2,화,10,,,,,,,,
1,2017,7,3,수,23,,,,,,,,
1,2017,7,4,목,20,,,,,,,,
1,2017,7,5,금,6,,,,,,,,
1,2017,7,6,토,5,,,,,,,,
1,2017,7,7,일,2,,,,,,,,
1,2017,7,8,월,13,,,,,,,,
1,2017,7,9,화,22,,,,,,,,
1,2017,7,10,수,8,,,,,,,,
1,2017,7,11,목,12,,,,,,,,
1,2017,7,12,금,23,,,,,,,,
1,2017,7,13,토,18,,,,,,,,
1,2017,7,14,일,22,,,,,,,,
1,2017,7,15,월,20,,,,,,,,
1,2017,7,16,화,22,,,,,,,,
1,2017,7,17,수,7,,,,,,,,
1,2017,7,18,목,11,,,,,,,,
1,2017,7,19,금,3,,,,,,,,
1,2017,7,20,토,22,,,,,,,,
1,2017,7,21,일,5,,,,,,,,
1,2017,7,22,월,10,,,,,,,,
1,2017,7,23,화,22,,,,,,,,
1,2017,7,24,수,10,,,,,,,,
1,2017,7,25,목,3,,,,,,,,
1,2017,7,26,금,1,,,,,,,,
1,2017,7,27,토,13,,,,,,,,
1,2017,7,28,일,18,,,,,,,,
1,2017,7,29,월,19,,,,,,,,
1,2017,7,30,화,21,,,,,,,,
1,2017,7,31,수,21,,,,,,,,
1,2017,8,1,목,13,,,,,,,,
1,2017,8,2,금,17,,,,,,,,
1,2017,8,3,토,20,,,,,,,,
1,2017,8,4,일,12,,,,,,,,
1,2017,8,5,월,18,,,,,,,,
1,2017,8,6,화,10,,,,,,,,
1,2017,8,7,수,16,,,,,,,,
1,2017,8,8,목,2,,,,,,,,
1,2017,8,9,금,7,,,,,,,,
1,2017,8,10,토,23,,,,,,,,
1,2017,8,11,일,18,,,,,,,,
1,2017,8,12,월,14,,,,,,,,
1,2017,8,13,화,19,,,,,,,,
1,2017,8,14,수,12,,,,,,,,
1,2017,8,15,목,4,,,,,,,,
1,2017,8,16,금,8,,,,,,,,
1,2017,8,17,토,20,,,,,,,,
1,2017,8,18,일,24,,,,,,,,
1,2017,8,19,월,14,,,,,,,,
1,2017,8,20,화,24,,,,,,,,
1,2017,8,21,수,15,,,,,,,,
1,2017,8,22,목,5,,,,,,,,
1,2017,8,23,금,5,,,,,,,,
1,2017,8,24,토,6,,,,,,,,
1,2017,8,25,일,14,,,,,,,,
1,2017,8,26,월,0,,,,,,,,
1,2017,8,27,화,20,,,,,,,,
1,2017,8,28,수,16,,,,,,,,
1,2017,8,29,목,17,,,,,,,,
1,2017,8,30,금,21,,,,,,,,
1,2017,8,31,토,13,,,,,,,,
1,2017,9,1,일,8,,,,,,,,
1,2017,9,2,월,14,,,,,,,,
1,2017,9,3,화,7,,,,,,,,
1,2017,9,4,수,4,,,,,,,,
1,2017,9,5,목,13,,,,,,,,
1,2017,9,6,금,3,,,,,,,,
1,2017,9,7,토,2,,,,,,,,
1,2017,9,8,일,24,,,,,,,,
1,2017,9,9,월,9,,,,,,,,
1,2017,9,10,화,11,,,,,,,,
1,2017,9,11,수,16,,,,,,,,
1,2017,9,12,목,11,,,,,,,,
1,2017,9,13,금,9,,,,,,,,
1,2017,9,14,토,7,,,,,,,,
1,2017,9,15,일,15,,,,,,,,
1,2017,9,16,월,15,,,,,,,,
1,2017,9,17,화,4,,,,,,,,
1,2017,9,18,수,0,,,,,,,,
1,2017,9,19,목,1,,,,,,,,
1,2017,9,20,금,19,,,,,,,,
1,2017,9,21,토,10,,,,,,,,
1,2017,9,22,일,12,,,,,,,,
1,2017,9,23,월,5,,,,,,,,
1,2017,9,24,화,2,,,,,,,,
1,2017,9,25,수,12,,,,,,,,
1,2017,9,26,목,23,,,,,,,,
1,2017,9,27,금,20,,,,,,,,
1,2017,9,28,토,6,,,,,,,,
1,2017,9,29,일,20,,,,,,,,
1,2017,9,30,월,20,,,,,,,,
1,2017,10,1,화,4,,,,,,,,
1,2017,10,2,수,20,,,,,,,,
1,2017,10,3,목,0,,,,,,,,
1,2017,10,4,금,3,,,,,,,,
1,2017,10,5,토,6,,,,,,,,
1,2017,10,6,일,8,,,,,,,,
1,2017,10,7,월,2,,,,,,,,
1,2017,10,8,화,8,,,,,,,,
1,2017,10,9,수,21,,,,,,,,
1,2017,10,10,목,24,,,,,,,,
1,2017,10,11,금,13,,,,,,,,
1,2017,10,12,토,4,,,,,,,,
1,2017,10,13,일,20,,,,,,,,
1,2017,10,14,월,24,,,,,,,,
1,2017,10,15,화,21,,,,,,,,
1,2017,10,16,수,0,,,,,,,,
1,2017,10,17,목,0,,,,,,,,
1,2017,10,18,금,5,,,,,,,,
1,2017,10,19,토,20,,,,,,,,
1,2017,10,20,일,24,,,,,,,,
1,2017,10,21,월,12,,,,,,,,
1,2017,10,22,화,23,,,,,,,,
1,2017,10,23,수,15,,,,,,,,
1,2017,10,24,목,11,,,,,,,,
1,2017,10,25,금,11,,,,,,,,
1,2017,10,26,토,20,,,,,,,,
1,2017,10,27,일,13,,,,,,,,
1,2017,10,28,월,24,,,,,,,,
1,2017,10,29,화,0,,,,,,,,
1,2017,10,30,수,5,,,,,,,,
1,2017,10,31,목,9,,,,,,,,
1,2017,11,1,금,21,,,,,,,,
1,2017,11,2,토,14,,,,,,,,
1,2017,11,3,일,8,,,,,,,,
1,2017,11,4,월,18,,,,,,,,
1,2017,11,5,화,6,,,,,,,,
1,2017,11,6,수,21,,,,,,,,
1,2017,11,7,목,11,,,,,,,,
1,2017,11,8,금,1,,,,,,,,
1,2017,11,9,토,16,,,,,,,,
1,2017,11,10,일,21,,,,,,,,
1,2017,11,11,월,4,,,,,,,,
1,2017,11,12,화,9,,,,,,,,
1,2017,11,13,수,16,,,,,,,,
1,2017,11,14,목,9,,,,,,,,
1,2017,11,15,금,20,,,,,,,,
1,2017,11,16,토,9,,,,,,,,
1,2017,11,17,일,11,,,,,,,,
1,2017,11,18,월,4,,,,,,,,
1,2017,11,19,화,5,,,,,,,,
1,2017,11,20,수,1,,,,,,,,
1,2017,11,21,목,3,,,,,,,,
1,2017,11,22,금,0,,,,,,,,
1,2017,11,23,토,20,,,,,,,,
1,2017,11,24,일,20,,,,,,,,
1,2017,11,25,월,24,,,,,,,,
1,2017,11,26,화,3,,,,,,,,
1,2017,11,27,수,6,,,,,,,,
1,2017,11,28,목,10,,,,,,,,
1,2017,11,29,금,17,,,,,,,,
1,2017,11,30,토,7,,,,,,,,
1,2017,12,1,일,24,,,,,,,,
1,2017,12,2,월,13,,,,,,,,
1,2017,12,3,화,4,,,,,,,,
1,2017,12,4,수,13,,,,,,,,
1,2017,12,5,목,18,,,,,,,,
1,2017,12,6,금,7,,,,,,,,
1,2017,12,7,토,10,,,,,,,,
1,2017,12,8,일,4,,,,,,,,
1,2017,12,9,월,13,,,,,,,,
1,2017,12,10,화,3,,,,,,,,
1,2017,12,11,수,14,,,,,,,,
1,2017,12,12,목,21,,,,,,,,
1,2017,12,13,금,7,,,,,,,,
1,2017,12,14,토,13,,,,,,,,
1,2017,12,15,일,9,,,,,,,,
1,2017,12,16,월,23,,,,,,,,
1,2017,12,17,화,16,,,,,,,,
1,2017,12,18,수,17,,,,,,,,
1,2017,12,19,목,12,,,,,,,,
1,2017,12,20,금,5,,,,,,,,
1,2017,12,21,토,2,,,,,,,,
1,2017,12,22,일,10,,,,,,,,
1,2017,12,23,월,7,,,,,,,,
1,2017,12,24,화,17,,,,,,,,
1,2017,12,25,수,19,,,,,,,,
1,2017,12,26,목,5,,,,,,,,
1,2017,12,27,금,22,,,,,,,,
1,2017,12,28,토,12,,,,,,,,
1,2017,12,29,일,8,,,,,,,,
1,2017,12,30,월,18,,,,,,,,
1,2017,12,31,화,17,,,,,,,,
